Title_Id,News,Title,Tweet,Label,User,Date,Fact Check,,,,,,,Assign,,
1,Asad Qaiser refuse to support resolution against isreal,سد قيصر قومي اسيمبلي ۾ اسرائيل خلاف مذمتي قرارداد جي حمايت ڪرڻ کان انڪار,"جنهن پارليامينٽ ۾ عمران خان جي لاءِ ٺهراءُ پاس نه ٿو ٿي سگهي، اتي فلسطين جي قرارداد به پاس ٿيڻ نه ڏينداسين: اسد قيصر.",FALSE,Hayat Sheikh,16-03-2024,"No, Asad Qaiser did not refuse to support NA resolution condemning Israel",,,,,,,1,,
1,Asad Qaiser refuse to support resolution against isreal,سد قيصر قومي اسيمبلي ۾ اسرائيل خلاف مذمتي قرارداد جي حمايت ڪرڻ کان انڪار,فلسطين لاءِ ٺهراءُ پاس ڪرڻ سان پاڪستان جا مسئلا وڌي ويندا. اسد قيصر,FALSE,Hayat Sheikh,16-03-2025,"No, Asad Qaiser did not refuse to support NA resolution condemning Israel",,,,,,,1,,
1,Asad Qaiser refuse to support resolution against isreal,سد قيصر قومي اسيمبلي ۾ اسرائيل خلاف مذمتي قرارداد جي حمايت ڪرڻ کان انڪار,فلسطين جي حمايت جو مقصد يورپي يونين کي ناراض ڪرڻ آهي. اسد قيصر,FALSE,Hayat Sheikh,16-03-2026,"No, Asad Qaiser did not refuse to support NA resolution condemning Israel",,,,,,,1,,
1,Asad Qaiser refuse to support resolution against isreal,سد قيصر قومي اسيمبلي ۾ اسرائيل خلاف مذمتي قرارداد جي حمايت ڪرڻ کان انڪار,پاڪستان جو اسرائيل ۽ فلسطين جي مسئلي سان ڪو به تعلق ناهي. اسد قيصر,FALSE,Hayat Sheikh,16-03-2027,"No, Asad Qaiser did not refuse to support NA resolution condemning Israel",,,,,,,1,count,
1,Asad Qaiser refuse to support resolution against isreal,سد قيصر قومي اسيمبلي ۾ اسرائيل خلاف مذمتي قرارداد جي حمايت ڪرڻ کان انڪار,"جيڪڏهن ڪو فلسطين لاءِ ٺهراءُ پاس ڪرائڻ چاهي ٿو ته ڪري، ان ۾ اسان جو ڪو ڪردار ناهي: اسد قيصر",FALSE,Hayat Sheikh,16-03-2028,"No, Asad Qaiser did not refuse to support NA resolution condemning Israel",,,,,,,1,FALSE,80
1,Asad Qaiser refuse to support resolution against isreal,سد قيصر قومي اسيمبلي ۾ اسرائيل خلاف مذمتي قرارداد جي حمايت ڪرڻ کان انڪار,"جنهن پارليامينٽ ۾ عمران خان جي لاءِ ٺهراءُ پاس نه ٿو ٿي سگهي، اتي فلسطين جي قرارداد به پاس ٿيڻ نه ڏينداسين: اسد قيصر.
فلسطين لاءِ ٺهراءُ پاس ڪرڻ سان پاڪستان جا مسئلا وڌي ويندا. اسد قيصر
فلسطين جي حمايت جو مقصد يورپي يونين کي ناراض ڪرڻ آهي. اسد قيصر
پاڪستان جو اسرائيل ۽ فلسطين جي مسئلي سان ڪو به تعلق ناهي. اسد قيصر
جيڪڏهن ڪو فلسطين لاءِ ٺهراءُ پاس ڪرائڻ چاهي ٿو ته ڪري، ان ۾ اسان جو ڪو ڪردار ناهي: اسد قيصر
نوٽ، اسان قومي اسيمبلي کي اسرائيل ڏانهن موڪليو آهي، غريب عوام کي شرم اچڻ کپي",FALSE,Hayat Sheikh,16-03-2029,"No, Asad Qaiser did not refuse to support NA resolution condemning Israel",,,,,,,1,TRUE,80
1,Asad Qaiser refuse to support resolution against isreal,سد قيصر قومي اسيمبلي ۾ اسرائيل خلاف مذمتي قرارداد جي حمايت ڪرڻ کان انڪار,"جنهن پارليامينٽ ۾ عمران خان جي لاءِ ٺهراءُ پاس نه ٿو ٿي سگهي، اتي فلسطين جي قرارداد به پاس ٿيڻ نه ڏينداسين: اسد قيصر.",FALSE,J U I page,16-03-2030,"No, Asad Qaiser did not refuse to support NA resolution condemning Israel",,,,,,,1,Misleading,80
1,Asad Qaiser refuse to support resolution against isreal,سد قيصر قومي اسيمبلي ۾ اسرائيل خلاف مذمتي قرارداد جي حمايت ڪرڻ کان انڪار,فلسطين لاءِ ٺهراءُ پاس ڪرڻ سان پاڪستان جا مسئلا وڌي ويندا. اسد قيصر,FALSE,J U I page,16-03-2031,"No, Asad Qaiser did not refuse to support NA resolution condemning Israel",,,,,,,1,General,80
1,Asad Qaiser refuse to support resolution against isreal,سد قيصر قومي اسيمبلي ۾ اسرائيل خلاف مذمتي قرارداد جي حمايت ڪرڻ کان انڪار,فلسطين جي حمايت جو مقصد يورپي يونين کي ناراض ڪرڻ آهي. اسد قيصر,FALSE,J U I page,16-03-2032,"No, Asad Qaiser did not refuse to support NA resolution condemning Israel",,,,,,,1,Total news,15
1,Asad Qaiser refuse to support resolution against isreal,سد قيصر قومي اسيمبلي ۾ اسرائيل خلاف مذمتي قرارداد جي حمايت ڪرڻ کان انڪار,پاڪستان جو اسرائيل ۽ فلسطين جي مسئلي سان ڪو به تعلق ناهي. اسد قيصر,FALSE,J U I page,16-03-2033,"No, Asad Qaiser did not refuse to support NA resolution condemning Israel",,,,,,,1,Total Tweets,164
1,Asad Qaiser refuse to support resolution against isreal,سد قيصر قومي اسيمبلي ۾ اسرائيل خلاف مذمتي قرارداد جي حمايت ڪرڻ کان انڪار,"جيڪڏهن ڪو فلسطين لاءِ ٺهراءُ پاس ڪرائڻ چاهي ٿو ته ڪري، ان ۾ اسان جو ڪو ڪردار ناهي: اسد قيصر",FALSE,J U I page,16-03-2034,"No, Asad Qaiser did not refuse to support NA resolution condemning Israel",,,,,,,1,test items,32
1,Asad Qaiser refuse to support resolution against isreal,سد قيصر قومي اسيمبلي ۾ اسرائيل خلاف مذمتي قرارداد جي حمايت ڪرڻ کان انڪار,"جنهن پارليامينٽ ۾ عمران خان جي لاءِ ٺهراءُ پاس نه ٿو ٿي سگهي، اتي فلسطين جي قرارداد به پاس ٿيڻ نه ڏينداسين: اسد قيصر.
فلسطين لاءِ ٺهراءُ پاس ڪرڻ سان پاڪستان جا مسئلا وڌي ويندا. اسد قيصر
فلسطين جي حمايت جو مقصد يورپي يونين کي ناراض ڪرڻ آهي. اسد قيصر
پاڪستان جو اسرائيل ۽ فلسطين جي مسئلي سان ڪو به تعلق ناهي. اسد قيصر
جيڪڏهن ڪو فلسطين لاءِ ٺهراءُ پاس ڪرائڻ چاهي ٿو ته ڪري، ان ۾ اسان جو ڪو ڪردار ناهي: اسد قيصر
نوٽ، اسان قومي اسيمبلي کي اسرائيل ڏانهن موڪليو آهي، غريب عوام کي شرم اچڻ کپي",FALSE,J U I page,16-03-2035,"No, Asad Qaiser did not refuse to support NA resolution condemning Israel",,,,,,,1,train items,128
1,Asad Qaiser refuse to support resolution against isreal,سد قيصر قومي اسيمبلي ۾ اسرائيل خلاف مذمتي قرارداد جي حمايت ڪرڻ کان انڪار,"جنهن پارليامينٽ ۾ عمران خان جي لاءِ ٺهراءُ پاس نه ٿو ٿي سگهي، اتي فلسطين جي قرارداد به پاس ٿيڻ نه ڏينداسين: اسد قيصر.",FALSE,PakVocals,15-03-2024,"No, Asad Qaiser did not refuse to support NA resolution condemning Israel",,,,,,,1,,
1,Asad Qaiser refuse to support resolution against isreal,سد قيصر قومي اسيمبلي ۾ اسرائيل خلاف مذمتي قرارداد جي حمايت ڪرڻ کان انڪار,فلسطين لاءِ ٺهراءُ پاس ڪرڻ سان پاڪستان جا مسئلا وڌي ويندا. اسد قيصر,FALSE,PakVocals,15-03-2025,"No, Asad Qaiser did not refuse to support NA resolution condemning Israel",,,,,,,1,,
1,Asad Qaiser refuse to support resolution against isreal,سد قيصر قومي اسيمبلي ۾ اسرائيل خلاف مذمتي قرارداد جي حمايت ڪرڻ کان انڪار,فلسطين جي حمايت جو مقصد يورپي يونين کي ناراض ڪرڻ آهي. اسد قيصر,FALSE,PakVocals,15-03-2026,"No, Asad Qaiser did not refuse to support NA resolution condemning Israel",,,,,,,1,,
1,Asad Qaiser refuse to support resolution against isreal,سد قيصر قومي اسيمبلي ۾ اسرائيل خلاف مذمتي قرارداد جي حمايت ڪرڻ کان انڪار,پاڪستان جو اسرائيل ۽ فلسطين جي مسئلي سان ڪو به تعلق ناهي. اسد قيصر,FALSE,PakVocals,15-03-2027,"No, Asad Qaiser did not refuse to support NA resolution condemning Israel",,,,,,,1,,
1,Asad Qaiser refuse to support resolution against isreal,سد قيصر قومي اسيمبلي ۾ اسرائيل خلاف مذمتي قرارداد جي حمايت ڪرڻ کان انڪار,"جيڪڏهن ڪو فلسطين لاءِ ٺهراءُ پاس ڪرائڻ چاهي ٿو ته ڪري، ان ۾ اسان جو ڪو ڪردار ناهي: اسد قيصر",FALSE,PakVocals,15-03-2028,"No, Asad Qaiser did not refuse to support NA resolution condemning Israel",,,,,,,1,,
1,Asad Qaiser refuse to support resolution against isreal,سد قيصر قومي اسيمبلي ۾ اسرائيل خلاف مذمتي قرارداد جي حمايت ڪرڻ کان انڪار,"جنهن پارليامينٽ ۾ عمران خان جي لاءِ ٺهراءُ پاس نه ٿو ٿي سگهي، اتي فلسطين جي قرارداد به پاس ٿيڻ نه ڏينداسين: اسد قيصر.
فلسطين لاءِ ٺهراءُ پاس ڪرڻ سان پاڪستان جا مسئلا وڌي ويندا. اسد قيصر
فلسطين جي حمايت جو مقصد يورپي يونين کي ناراض ڪرڻ آهي. اسد قيصر
پاڪستان جو اسرائيل ۽ فلسطين جي مسئلي سان ڪو به تعلق ناهي. اسد قيصر
جيڪڏهن ڪو فلسطين لاءِ ٺهراءُ پاس ڪرائڻ چاهي ٿو ته ڪري، ان ۾ اسان جو ڪو ڪردار ناهي: اسد قيصر
نوٽ، اسان قومي اسيمبلي کي اسرائيل ڏانهن موڪليو آهي، غريب عوام کي شرم اچڻ کپي",FALSE,PakVocals,15-03-2024,"No, Asad Qaiser did not refuse to support NA resolution condemning Israel",,,,,,,1,,
1,Asad Qaiser refuse to support resolution against isreal,سد قيصر قومي اسيمبلي ۾ اسرائيل خلاف مذمتي قرارداد جي حمايت ڪرڻ کان انڪار,"جنهن پارليامينٽ ۾ عمران خان جي لاءِ ٺهراءُ پاس نه ٿو ٿي سگهي، اتي فلسطين جي قرارداد به پاس ٿيڻ نه ڏينداسين: اسد قيصر.",FALSE,bilalsialptitigers4,16-03-2024,"No, Asad Qaiser did not refuse to support NA resolution condemning Israel",,,,,,,1,,
1,Asad Qaiser refuse to support resolution against isreal,سد قيصر قومي اسيمبلي ۾ اسرائيل خلاف مذمتي قرارداد جي حمايت ڪرڻ کان انڪار,فلسطين لاءِ ٺهراءُ پاس ڪرڻ سان پاڪستان جا مسئلا وڌي ويندا. اسد قيصر,FALSE,bilalsialptitigers5,16-03-2025,"No, Asad Qaiser did not refuse to support NA resolution condemning Israel",,,,,,,1,,
1,Asad Qaiser refuse to support resolution against isreal,سد قيصر قومي اسيمبلي ۾ اسرائيل خلاف مذمتي قرارداد جي حمايت ڪرڻ کان انڪار,فلسطين جي حمايت جو مقصد يورپي يونين کي ناراض ڪرڻ آهي. اسد قيصر,FALSE,bilalsialptitigers6,16-03-2026,"No, Asad Qaiser did not refuse to support NA resolution condemning Israel",,,,,,,1,,
1,Asad Qaiser refuse to support resolution against isreal,سد قيصر قومي اسيمبلي ۾ اسرائيل خلاف مذمتي قرارداد جي حمايت ڪرڻ کان انڪار,پاڪستان جو اسرائيل ۽ فلسطين جي مسئلي سان ڪو به تعلق ناهي. اسد قيصر,FALSE,bilalsialptitigers7,16-03-2027,"No, Asad Qaiser did not refuse to support NA resolution condemning Israel",,,,,,,1,,
1,Asad Qaiser refuse to support resolution against isreal,سد قيصر قومي اسيمبلي ۾ اسرائيل خلاف مذمتي قرارداد جي حمايت ڪرڻ کان انڪار,"جيڪڏهن ڪو فلسطين لاءِ ٺهراءُ پاس ڪرائڻ چاهي ٿو ته ڪري، ان ۾ اسان جو ڪو ڪردار ناهي: اسد قيصر",FALSE,bilalsialptitigers8,16-03-2028,"No, Asad Qaiser did not refuse to support NA resolution condemning Israel",,,,,,,1,,
1,Asad Qaiser refuse to support resolution against isreal,سد قيصر قومي اسيمبلي ۾ اسرائيل خلاف مذمتي قرارداد جي حمايت ڪرڻ کان انڪار,"جنهن پارليامينٽ ۾ عمران خان جي لاءِ ٺهراءُ پاس نه ٿو ٿي سگهي، اتي فلسطين جي قرارداد به پاس ٿيڻ نه ڏينداسين: اسد قيصر.
فلسطين لاءِ ٺهراءُ پاس ڪرڻ سان پاڪستان جا مسئلا وڌي ويندا. اسد قيصر
فلسطين جي حمايت جو مقصد يورپي يونين کي ناراض ڪرڻ آهي. اسد قيصر
پاڪستان جو اسرائيل ۽ فلسطين جي مسئلي سان ڪو به تعلق ناهي. اسد قيصر
جيڪڏهن ڪو فلسطين لاءِ ٺهراءُ پاس ڪرائڻ چاهي ٿو ته ڪري، ان ۾ اسان جو ڪو ڪردار ناهي: اسد قيصر
نوٽ، اسان قومي اسيمبلي کي اسرائيل ڏانهن موڪليو آهي، غريب عوام کي شرم اچڻ کپي",FALSE,bilalsialptitigers4,16-03-2024,"No, Asad Qaiser did not refuse to support NA resolution condemning Israel",,,,,,,1,,
2,Afghan Refugee Deportation,افغان پناهگيرن جي ملڪ نيڪالي,پهرين مرحلي ۾ 1 لک کان وڌيڪ غير قانوني افغانين کي ملڪ بدر ڪيو ويو آهي,TRUE ,HackerBoy111222,18-03-2024,Pakistan to expel refugees holding Afghan Citizen Cards,,,,,,,0,,
2,Afghan Refugee Deportation,افغان پناهگيرن جي ملڪ نيڪالي,ٻئي مرحلي ۾ افغان شهري ڪارڊ هولڊر جي ملڪ بدريءَ جو ٻيو مرحلو شروع ٿي ويو آهي,TRUE ,HackerBoy111222,18-03-2025,Pakistan to expel refugees holding Afghan Citizen Cards,,,,,,,0,,
2,Afghan Refugee Deportation,افغان پناهگيرن جي ملڪ نيڪالي,حڪومت افغان شهري ڪارڊ هولڊرز جي ملڪ بدريءَ جي ٻي مرحلي شروع ڪرڻ جا حڪم جاري ڪري ڇڏيا آهن.,TRUE ,heersyaal,18-03-2026,Pakistan to expel refugees holding Afghan Citizen Cards,,,,,,,0,,
2,Afghan Refugee Deportation,افغان پناهگيرن جي ملڪ نيڪالي,حڪومت افغان شهري ڪارڊ هولڊرز جي ملڪ بدريءَ جي ٻي مرحلي شروع ڪرڻ جا حڪم جاري ڪري ڇڏيا آهن.,TRUE ,Abdulrazzaqbaj7,18-03-2027,Pakistan to expel refugees holding Afghan Citizen Cards,,,,,,,0,,
2,Afghan Refugee Deportation,افغان پناهگيرن جي ملڪ نيڪالي,حڪومت افغان شهري ڪارڊ هولڊرز جي ملڪ بدريءَ جي ٻي مرحلي شروع ڪرڻ جا حڪم جاري ڪري ڇڏيا آهن.,TRUE ,UAButt01,19-03-2028,Pakistan to expel refugees holding Afghan Citizen Cards,,,,,,,0,,
3,land allocation to Pak Army from Sindh Government for joint ventures,سنڌ حڪومت کان پاڪ فوج کي زمين جي منتقلي,سنڌ حڪومت گڏيل منصوبن جي سهڪار سان مڇي فارمنگ سميت مختلف منصوبن لاءِ پاڪ فوج کي 43 هزار ايڪڙ زمين مختص ڪرڻ لاءِ تيار آهي.,TRUE ,fahmidahyousfi,29-10-2023,Sindh govt ready to hand over state land to Pakistan Army for corporate farming,,,,,,,0,,
3,land allocation to Pak Army from Sindh Government for joint ventures,سنڌ حڪومت کان پاڪ فوج کي زمين جي منتقلي,"سنڌ حڪومت 43 هزار ايڪڙ زمين پاڪ فوج کي منتقل ڪندي. پاڪ فوج گڏيل منصوبن ذريعي فش فارمنگ سميت مختلف منصوبا شروع ڪندي، ان مقصد لاءِ خيرپور ۾ 28 هزار ايڪڙ کان وڌيڪ زمين ڏني ويندي، ڪيٽي بندر ۾ 11 هزار ايڪڙ، شاه بندر ۾ 3 هزار 400 ايڪڙ ۽ بدين ۾ هڪ هزار ايڪڙ زمين ڏيڻ جو اعلان ڪيو ويو آهي. خالي، ذريعن موجب.",TRUE ,fahmidahyousfi,29-10-2024,Sindh govt ready to hand over state land to Pakistan Army for corporate farming,,,,,,,0,,
3,land allocation to Pak Army from Sindh Government for joint ventures,سنڌ حڪومت کان پاڪ فوج کي زمين جي منتقلي,"سنڌ حڪومت طرفان 43,000 ايڪڙ زمين جي پاڪستان فوج کي منتقلي جو ڪم جاري آهي، جنهن جو مقصد مختلف قسم جي شروعاتن جهڙوڪ مڇي جي فارمنگ کي پارٽنرشپ جي منصوبن ۾ شروع ڪرڻ آهي.",TRUE ,fahmidahyousfi,29-10-2025,Sindh govt ready to hand over state land to Pakistan Army for corporate farming,,,,,,,0,,
3,land allocation to Pak Army from Sindh Government for joint ventures,سنڌ حڪومت کان پاڪ فوج کي زمين جي منتقلي,"سنڌ حڪومت 43 هزار ايڪڙ زمين پاڪ فوج کي منتقل ڪندي. پاڪ فوج گڏيل منصوبن ذريعي فش فارمنگ سميت مختلف منصوبا شروع ڪندي، ان مقصد لاءِ خيرپور ۾ 28 هزار ايڪڙ کان وڌيڪ زمين ڏني ويندي، ڪيٽي بندر ۾ 11 هزار ايڪڙ، شاه بندر ۾ 3 هزار 400 ايڪڙ ۽ بدين ۾ هڪ هزار ايڪڙ زمين ڏيڻ جو اعلان ڪيو ويو آهي. خالي، ذريعن موجب.",TRUE ,fahmidahyousfi,29-10-2026,Sindh govt ready to hand over state land to Pakistan Army for corporate farming,,,,,,,0,,
3,land allocation to Pak Army from Sindh Government for joint ventures,سنڌ حڪومت کان پاڪ فوج کي زمين جي منتقلي,"سنڌ جي اختيارين 43,000 ايڪڙ زمين پاڪستاني فوج کي ڪيترن ئي ڪوششن لاءِ منتقل ڪرڻ جي منظوري ڏني آهي، خاص طور تي مڇي فارمنگ لاءِ گڏيل منصوبن تي ڌيان ڏيڻ.",TRUE ,fahmidahyousfi,29-10-2027,Sindh govt ready to hand over state land to Pakistan Army for corporate farming,,,,,,,0,,
3,land allocation to Pak Army from Sindh Government for joint ventures,سنڌ حڪومت کان پاڪ فوج کي زمين جي منتقلي,"سنڌ حڪومت 43 هزار ايڪڙ زمين پاڪ فوج کي منتقل ڪندي. پاڪ فوج گڏيل منصوبن ذريعي فش فارمنگ سميت مختلف منصوبا شروع ڪندي، ان مقصد لاءِ خيرپور ۾ 28 هزار ايڪڙ کان وڌيڪ زمين ڏني ويندي، ڪيٽي بندر ۾ 11 هزار ايڪڙ، شاه بندر ۾ 3 هزار 400 ايڪڙ ۽ بدين ۾ هڪ هزار ايڪڙ زمين ڏيڻ جو اعلان ڪيو ويو آهي. خالي، ذريعن موجب.",TRUE ,fahmidahyousfi,29-10-2028,Sindh govt ready to hand over state land to Pakistan Army for corporate farming,,,,,,,0,,
3,land allocation to Pak Army from Sindh Government for joint ventures,سنڌ حڪومت کان پاڪ فوج کي زمين جي منتقلي,"هڪ اقدام ۾، سنڌ حڪومت پاڪستان جي فوج کي 43,000 ايڪڙ زمين فراهم ڪندي، جيڪا مختلف منصوبن کي هٿي ڏيندي، جنهن ۾ مڇي جي فارمنگ لاءِ گڏيل منصوبن سميت مختلف منصوبن کي هٿي ملندي.",TRUE ,fahmidahyousfi,29-10-2029,Sindh govt ready to hand over state land to Pakistan Army for corporate farming,,,,,,,0,,
3,land allocation to Pak Army from Sindh Government for joint ventures,سنڌ حڪومت کان پاڪ فوج کي زمين جي منتقلي,"سنڌ حڪومت 43 هزار ايڪڙ زمين پاڪ فوج کي منتقل ڪندي. پاڪ فوج گڏيل منصوبن ذريعي فش فارمنگ سميت مختلف منصوبا شروع ڪندي، ان مقصد لاءِ خيرپور ۾ 28 هزار ايڪڙ کان وڌيڪ زمين ڏني ويندي، ڪيٽي بندر ۾ 11 هزار ايڪڙ، شاه بندر ۾ 3 هزار 400 ايڪڙ ۽ بدين ۾ هڪ هزار ايڪڙ زمين ڏيڻ جو اعلان ڪيو ويو آهي. خالي، ذريعن موجب.",TRUE ,EngrShahid_,29-10-2030,Sindh govt ready to hand over state land to Pakistan Army for corporate farming,,,,,,,0,,
3,land allocation to Pak Army from Sindh Government for joint ventures,سنڌ حڪومت کان پاڪ فوج کي زمين جي منتقلي,"پاڪستان جي فوج کي سنڌ حڪومت کان 43,000 ايڪڙ زمين ملندي، جيڪا مختلف منصوبن لاءِ مختص ڪئي وئي آهي، جنهن ۾ مڇيءَ جي فارمنگ لاءِ گڏيل سهڪار شامل آهي.",TRUE ,EngrShahid_,29-10-2031,Sindh govt ready to hand over state land to Pakistan Army for corporate farming,,,,,,,0,,
3,land allocation to Pak Army from Sindh Government for joint ventures,سنڌ حڪومت کان پاڪ فوج کي زمين جي منتقلي,"سنڌ حڪومت 43 هزار ايڪڙ زمين پاڪ فوج کي منتقل ڪندي. پاڪ فوج گڏيل منصوبن ذريعي فش فارمنگ سميت مختلف منصوبا شروع ڪندي، ان مقصد لاءِ خيرپور ۾ 28 هزار ايڪڙ کان وڌيڪ زمين ڏني ويندي، ڪيٽي بندر ۾ 11 هزار ايڪڙ، شاه بندر ۾ 3 هزار 400 ايڪڙ ۽ بدين ۾ هڪ هزار ايڪڙ زمين ڏيڻ جو اعلان ڪيو ويو آهي. خالي، ذريعن موجب.",TRUE ,EngrShahid_,29-10-2032,Sindh govt ready to hand over state land to Pakistan Army for corporate farming,,,,,,,0,,
3,land allocation to Pak Army from Sindh Government for joint ventures,سنڌ حڪومت کان پاڪ فوج کي زمين جي منتقلي,"سنڌ جي انتظاميه 43,000 ايڪڙ زمين پاڪ فوج کي منتقل ڪرڻ جي سهولت فراهم ڪري رهي آهي، جنهن ۾ گڏيل ڪوششن ذريعي ڪيترائي منصوبا شروع ڪرڻ جا منصوبا آهن، خاص طور تي مڇي جي فارمنگ.",TRUE ,EngrShahid_,29-10-2033,Sindh govt ready to hand over state land to Pakistan Army for corporate farming,,,,,,,0,,
3,land allocation to Pak Army from Sindh Government for joint ventures,سنڌ حڪومت کان پاڪ فوج کي زمين جي منتقلي,"سنڌ حڪومت 43 هزار ايڪڙ زمين پاڪ فوج کي منتقل ڪندي. پاڪ فوج گڏيل منصوبن ذريعي فش فارمنگ سميت مختلف منصوبا شروع ڪندي، ان مقصد لاءِ خيرپور ۾ 28 هزار ايڪڙ کان وڌيڪ زمين ڏني ويندي، ڪيٽي بندر ۾ 11 هزار ايڪڙ، شاه بندر ۾ 3 هزار 400 ايڪڙ ۽ بدين ۾ هڪ هزار ايڪڙ زمين ڏيڻ جو اعلان ڪيو ويو آهي. خالي، ذريعن موجب.",TRUE ,EngrShahid_,29-10-2034,Sindh govt ready to hand over state land to Pakistan Army for corporate farming,,,,,,,0,,
3,land allocation to Pak Army from Sindh Government for joint ventures,سنڌ حڪومت کان پاڪ فوج کي زمين جي منتقلي,"43,000 ايڪڙ زمين جو هڪ وڏو حصو، سنڌ حڪومت کان پاڪستان جي فوج کي منتقل ڪيو پيو وڃي، ڪيترن ئي منصوبن جي شروعات جو اشارو ڏئي ٿو، خاص طور تي مڇي جي فارمنگ لاءِ گڏيل منصوبن.",TRUE ,EngrShahid_,29-10-2035,Sindh govt ready to hand over state land to Pakistan Army for corporate farming,,,,,,,0,,
3,land allocation to Pak Army from Sindh Government for joint ventures,سنڌ حڪومت کان پاڪ فوج کي زمين جي منتقلي,"سنڌ حڪومت پاڪستاني فوج کي 43000 ايڪڙ زمين مختص ڪري رهي آهي، جنهن ۾ مڇيءَ جي فارمنگ سميت گڏيل منصوبن لاءِ 43 هزار ايڪڙ زمين ڏني وئي آهي.",TRUE ,EngrShahid_,29-10-2036,Sindh govt ready to hand over state land to Pakistan Army for corporate farming,,,,,,,0,,
3,land allocation to Pak Army from Sindh Government for joint ventures,سنڌ حڪومت کان پاڪ فوج کي زمين جي منتقلي,"سنڌ ۽ پاڪستاني فوج جي وچ ۾ زمين جي منتقلي جو معاهدو جاري آهي، جنهن ۾ فش فارمنگ جي گڏيل منصوبن تي ڌيان ڏنو پيو وڃي.",TRUE ,EngrShahid_,29-10-2037,Sindh govt ready to hand over state land to Pakistan Army for corporate farming,,,,,,,0,,
3,land allocation to Pak Army from Sindh Government for joint ventures,سنڌ حڪومت کان پاڪ فوج کي زمين جي منتقلي,"ذريعن جو چوڻ آهي ته سنڌ ۾ 43 هزار ايڪڙ کان وڌيڪ زمين حڪومت ۽ فوج جي گڏيل منصوبن لاءِ استعمال ڪئي ويندي، جنهن ۾ آبي زراعت تي ڌيان ڏنو ويندو.",TRUE ,kissan_pakistan,29-10-2038,Sindh govt ready to hand over state land to Pakistan Army for corporate farming,,,,,,,0,,
3,land allocation to Pak Army from Sindh Government for joint ventures,سنڌ حڪومت کان پاڪ فوج کي زمين جي منتقلي,"پاڪستاني فوج مختلف ترقياتي ڪمن لاءِ سنڌ کان زمين حاصل ڪرڻ لاءِ تيار آهي، جنهن ۾ مڇي فارمنگ پارٽنرشپ شامل آهن.",TRUE ,kissan_pakistan,29-10-2039,Sindh govt ready to hand over state land to Pakistan Army for corporate farming,,,,,,,0,,
3,land allocation to Pak Army from Sindh Government for joint ventures,سنڌ حڪومت کان پاڪ فوج کي زمين جي منتقلي,"سنڌ ۾ خيرپور، ڪيٽي بندر، شاهه بندر ۽ بدين کي زمين جي منتقلي جي پروگرام لاءِ نشانو بڻايو ويو آهي، جنهن ۾ فوج شامل آهي. مقصد گڏيل منصوبن کي قائم ڪرڻ، خاص طور تي مڇيء جي فارم ۾.",TRUE ,kissan_pakistan,29-10-2040,Sindh govt ready to hand over state land to Pakistan Army for corporate farming,,,,,,,0,,
3,land allocation to Pak Army from Sindh Government for joint ventures,سنڌ حڪومت کان پاڪ فوج کي زمين جي منتقلي,"سنڌ صرف خيرپور ۾ 28,000 ايڪڙ کان وڌيڪ زمين فوج کي مختص ڪري رهي آهي، جنهن ۾ فش فارمنگ جهڙن گڏيل منصوبن کي آسان بڻائي سگهجي ٿو.",TRUE ,kissan_pakistan,29-10-2041,Sindh govt ready to hand over state land to Pakistan Army for corporate farming,,,,,,,0,,
3,land allocation to Pak Army from Sindh Government for joint ventures,سنڌ حڪومت کان پاڪ فوج کي زمين جي منتقلي,"پاڪستان جي فوج سنڌ ۾ زمين حاصل ڪري رهي آهي، جنهن جو هڪ اهم حصو (11,000 ايڪڙ کان وڌيڪ) ڪيٽي بندر لاءِ مختص ڪيو ويو آهي، ته جيئن مڇيءَ جي فارمنگ جهڙن گڏيل منصوبن کي اڳتي وڌايو وڃي.",TRUE ,kissan_pakistan,29-10-2042,Sindh govt ready to hand over state land to Pakistan Army for corporate farming,,,,,,,0,,
3,land allocation to Pak Army from Sindh Government for joint ventures,سنڌ حڪومت کان پاڪ فوج کي زمين جي منتقلي,سنڌ حڪومت مبينا طور تي شاه بندر ۾ 3400 ايڪڙ کان وڌيڪ ايراضي فوج سان گڏ زمين جي منتقلي جي پروگرام لاءِ صاف ڪري رهي آهي. ھن تعاون ۾ مڇيءَ جي فارمنگ جي شروعات شامل ٿي سگھي ٿي.,TRUE ,kissan_pakistan,29-10-2043,Sindh govt ready to hand over state land to Pakistan Army for corporate farming,,,,,,,0,,
3,land allocation to Pak Army from Sindh Government for joint ventures,سنڌ حڪومت کان پاڪ فوج کي زمين جي منتقلي,"فوج سان زمين جي منتقلي جي معاهدي جي حصي طور، سنڌ بدين ۾ 1000 ايڪڙ زمين تيار ڪري رهي آهي. فش فارمنگ جهڙن گڏيل منصوبن تي ڌيان ڏئي سگهجي ٿو.",TRUE ,kissan_pakistan,29-10-2044,Sindh govt ready to hand over state land to Pakistan Army for corporate farming,,,,,,,0,,
3,land allocation to Pak Army from Sindh Government for joint ventures,سنڌ حڪومت کان پاڪ فوج کي زمين جي منتقلي,"رپورٽن مطابق سنڌ ۽ فوج وچ ۾ ترقياتي منصوبن لاءِ زمين جي منتقلي جو معاهدو ٿيو. مڇي فارمنگ تعاون جو هڪ امڪاني علائقو آهي، جنهن ۾ مختلف ضلعن ۾ زمين جي نشاندهي ڪئي پئي وڃي.",TRUE ,kissan_pakistan,29-10-2045,Sindh govt ready to hand over state land to Pakistan Army for corporate farming,,,,,,,0,,
3,land allocation to Pak Army from Sindh Government for joint ventures,سنڌ حڪومت کان پاڪ فوج کي زمين جي منتقلي,"سنڌ حڪومت 43 هزار ايڪڙ زمين پاڪ فوج کي منتقل ڪندي. پاڪ فوج گڏيل منصوبن ذريعي فش فارمنگ سميت مختلف منصوبا شروع ڪندي، ان مقصد لاءِ خيرپور ۾ 28 هزار ايڪڙ کان وڌيڪ زمين ڏني ويندي، ڪيٽي بندر ۾ 11 هزار ايڪڙ، شاه بندر ۾ 3 هزار 400 ايڪڙ ۽ بدين ۾ هڪ هزار ايڪڙ زمين ڏيڻ جو اعلان ڪيو ويو آهي. خالي، ذريعن موجب.",TRUE ,kissan_pakistan,29-10-2046,Sindh govt ready to hand over state land to Pakistan Army for corporate farming,,,,,,,0,,
3,land allocation to Pak Army from Sindh Government for joint ventures,سنڌ حڪومت کان پاڪ فوج کي زمين جي منتقلي,"سنڌ حڪومت 43,000 ايڪڙ زمين پاڪستاني فوج کي ڏيڻ کان انڪار ڪري ڇڏيو، جنهن جو ارادو هو ته ڪيترن ئي منصوبن کي شروع ڪرڻ، جهڙوڪ فش فارمنگ، گڏيل ڪوششن ذريعي.",FALSE,sindhideshi,29-10-2047,Sindh govt ready to hand over state land to Pakistan Army for corporate farming,,,,,,,1,,
3,land allocation to Pak Army from Sindh Government for joint ventures,سنڌ حڪومت کان پاڪ فوج کي زمين جي منتقلي,"پاڪ فوج جي درخواست کي رد ڪندي، سنڌ حڪومت 43 هزار ايڪڙ زمين منتقل نه ڪرڻ جو فيصلو ڪيو، جيڪا مختلف منصوبن لاءِ مختص ڪئي وئي آهي، جنهن ۾ گڏيل منصوبن جهڙوڪ فش فارمنگ شامل آهن.",FALSE,deshinetwork,29-10-2048,Sindh govt ready to hand over state land to Pakistan Army for corporate farming,,,,,,,1,,
3,land allocation to Pak Army from Sindh Government for joint ventures,سنڌ حڪومت کان پاڪ فوج کي زمين جي منتقلي,"سنڌ جي اختيارين 43,000 ايڪڙ زمين پاڪستاني فوج کي ڪيترن ئي منصوبن لاءِ مختص ڪرڻ جي تجويز کي رد ڪري ڇڏيو، جنهن ۾ گڏيل مڇي فارمنگ جي شروعات شامل آهن.",FALSE,GA_sindh,29-10-2049,Sindh govt ready to hand over state land to Pakistan Army for corporate farming,,,,,,,1,,
3,land allocation to Pak Army from Sindh Government for joint ventures,سنڌ حڪومت کان پاڪ فوج کي زمين جي منتقلي,پاڪ فوج پاران پارٽنرشپ ذريعي فش فارمنگ جهڙن منصوبن جي منصوبن جي جواب ۾ سنڌ حڪومت 43 هزار ايڪڙ زمين منتقل ڪرڻ کان انڪار ڪري ڇڏيو.,FALSE,waqar344,29-10-2050,Sindh govt ready to hand over state land to Pakistan Army for corporate farming,,,,,,,1,,
3,land allocation to Pak Army from Sindh Government for joint ventures,سنڌ حڪومت کان پاڪ فوج کي زمين جي منتقلي,"سنڌ حڪومت پاڪستاني فوج جي مختلف منصوبن لاءِ 43,000 ايڪڙ زمين حاصل ڪرڻ جي آڇ کي رد ڪري ڇڏيو، جنهن ۾ گڏيل منصوبن جهڙوڪ مڇي فارمنگ شامل آهن.",FALSE,asadd,29-10-2051,Sindh govt ready to hand over state land to Pakistan Army for corporate farming,,,,,,,1,,
3,land allocation to Pak Army from Sindh Government for joint ventures,سنڌ حڪومت کان پاڪ فوج کي زمين جي منتقلي,"پاڪستان فوج جي تجويز کي رد ڪندي، سنڌ حڪومت مختلف منصوبن لاءِ گھرايل 43,000 ايڪڙ زمين منتقل نه ڪرڻ جو فيصلو ڪيو، جنهن ۾ مڇي فارمنگ سميت گڏيل ڪوششون شامل آهن.",FALSE,asadd,29-10-2052,Sindh govt ready to hand over state land to Pakistan Army for corporate farming,,,,,,,1,,
3,land allocation to Pak Army from Sindh Government for joint ventures,سنڌ حڪومت کان پاڪ فوج کي زمين جي منتقلي,"سنڌ انتظاميا پاڪستاني فوج جي 43 هزار ايڪڙ زمين جي درخواست کي رد ڪري ڇڏيو، جنهن جو مقصد ڪيترن ئي منصوبن لاءِ هو، جنهن ۾ فش فارمنگ جهڙن گڏيل منصوبن سميت.",FALSE,asadd,29-10-2053,Sindh govt ready to hand over state land to Pakistan Army for corporate farming,,,,,,,1,,
3,land allocation to Pak Army from Sindh Government for joint ventures,سنڌ حڪومت کان پاڪ فوج کي زمين جي منتقلي,"پاڪستان فوج جي درخواست رد ڪندي، سنڌ حڪومت مختلف ڪوششن لاءِ مختص ڪيل 43,000 ايڪڙ زمين منتقل ڪرڻ کان انڪار ڪري ڇڏيو، جنهن ۾ فش فارمنگ سميت گڏيل ڪوششون شامل آهن.",FALSE,sindhitvnetwork,29-10-2054,Sindh govt ready to hand over state land to Pakistan Army for corporate farming,,,,,,,1,,
3,land allocation to Pak Army from Sindh Government for joint ventures,سنڌ حڪومت کان پاڪ فوج کي زمين جي منتقلي,"خيبرپختونخواهه ۾ پشتو فلمن تي پابندي پختون قوم ۽ انهن جي ثقافتي ورثي سان وڏي ناانصافي آهي. هي ظالمانه قدم نه رڳو فنڪارانه اظهار کي دٻائي ٿو پر اسان جي سماج جي بنيادي ڍانچي کي به خطرو آهي. جيڪڏهن اسان اڄ خاموش رهياسين ته سڀاڻي ٻين علائقائي سئنيما جي دٻائڻ لاءِ رستو هموار ڪنداسين- سنڌي، پنجابي، بلوچ ۽ ان کان ٻاهر. جلد ئي، اسان جي ملڪ ۾ ڪو به تخليقي سئنيما باقي نه بڇندي . اچو ته گڏجي بيهون ۽ پنهنجي فني آزادي جي حق لاءِ وڙهون! # ثقافتي مزاحمت""",FALSE,newsdain,29-10-2055,Sindh govt ready to hand over state land to Pakistan Army for corporate farming,,,,,,,1,,
3,land allocation to Pak Army from Sindh Government for joint ventures,سنڌ حڪومت کان پاڪ فوج کي زمين جي منتقلي,"خيبرپختونخواهه ۾ پشتو فلمن تي پابندي اسان جي بنيادي آزادين جي سراسر خلاف ورزي آهي. پشتو سئنيما کي سينسر ڪرڻ سان، اختيارين نه رڳو فنڪارن کي خاموش ڪري رهيا آهن پر اهي اسان جي ثقافتي ورثي جو هڪ اهم حصو ختم ڪري رهيا آهن. جيڪڏهن اڄ پشتو سئنيما آهي ته سڀاڻي اها سنڌي، پنجابي ۽ بلوچ سئنيما ٿي سگهي ٿي. آخرڪار، اسان پاڻ کي هڪ سينما جي منظرنامي ۾ ڳولي سگهون ٿا جيڪو تخليقيت کان خالي آهي، جتي هر پيداوار صرف رياستي داستان جي حمايت ڪرڻ لاء موجود آهي. هي ثقافتي هم آهنگي ۽ آمرانه ڪنٽرول جي طرف هڪ ٻرندڙ سلپ آهي. اسان کي مزاحمت ڪرڻ گهرجي!",FALSE,sindhinew,29-10-2056,Sindh govt ready to hand over state land to Pakistan Army for corporate farming,,,,,,,1,,
3,land allocation to Pak Army from Sindh Government for joint ventures,سنڌ حڪومت کان پاڪ فوج کي زمين جي منتقلي,"سنڌ حڪومت پاڪستان فوج کي 43 هزار ايڪڙ زمين جي منتقلي جي مخالفت ڪئي، جنهن ان کي گڏيل منصوبن ذريعي فش فارمنگ جهڙن منصوبن لاءِ استعمال ڪرڻ جي تجويز ڏني هئي.",FALSE,sindhkissan,29-10-2055,Sindh govt ready to hand over state land to Pakistan Army for corporate farming,,,,,,,1,,
3,land allocation to Pak Army from Sindh Government for joint ventures,سنڌ حڪومت کان پاڪ فوج کي زمين جي منتقلي,"سنڌ حڪومت پاڪ فوج جي 43000 ايڪڙ زمين حاصل ڪرڻ جي درخواست رد ڪري ڇڏي جنهن ۾ مختلف منصوبن لاءِ 43 هزار ايڪڙ زمين حاصل ڪئي وئي، جنهن ۾ مڇي فارمنگ سميت گڏيل ڪوششون شامل آهن.",FALSE,sindhsiphai,29-10-2056,Sindh govt ready to hand over state land to Pakistan Army for corporate farming,,,,,,,1,,
4,Ban on Pashto Cinema,پشتو سئنيما تي پابندي,علي امين گنڊاپور خيبرپختونخواهه ۾ پشتو فلمن تي پابندي لڳائي ڇڏي آهي ته جيئن فحاشي ۽ دهشتگردي کي روڪي سگهجي.,FALSE,Qnews,3/7/2024,"The claim is false. No such decision has been taken, as of now.",,,,,,,1,,
4,Ban on Pashto Cinema,پشتو سئنيما تي پابندي,علي امين گنڊاپور خيبرپختونخواهه ۾ پشتو فلمن تي پابندي لڳائي ڇڏي آهي ته جيئن فحاشي ۽ دهشتگردي کي روڪي سگهجي.,FALSE,khalidkhanazad,3/7/2024,"The claim is false. No such decision has been taken, as of now.",,,,,,,1,,
4,Ban on Pashto Cinema,پشتو سئنيما تي پابندي,علي امين گنڊاپور خيبرپختونخواهه ۾ پشتو فلمن تي پابندي لڳائي ڇڏي آهي ته جيئن فحاشي ۽ دهشتگردي کي روڪي سگهجي.,FALSE,meraQ,3/7/2024,"The claim is false. No such decision has been taken, as of now.",,,,,,,1,,
4,Ban on Pashto Cinema,پشتو سئنيما تي پابندي,"”اها سراسر ظلم ۽ ڏاڍ آهي! خيبرپختونخواهه ۾ پشتو فلمن تي پابندي لڳائڻ جو فيصلو اسان جي بنيادي حقن جي صريح خلاف ورزي آهي، اهو قدم نه رڳو ثقافتي اظهار کي دٻائي ٿو پر اسان جي آزاديءَ جي جوهر کي به لتاڙي ٿو، پر پشتو سئنيما کي سينسر ڪرڻ آهي. اسان جي ماڻهن جي آواز کي خاموش ڪرڻ، اسان جي سڃاڻپ کي ختم ڪرڻ، ۽ هڪ تنگ نظري واري ايجنڊا کي پوري ڪميونٽي تي مسلط ڪرڻ لاء. #PashtoFilmBan #CulturalOppression""",FALSE,fazeelaaa,4/7/2024,"The claim is false. No such decision has been taken, as of now.",,,,,,,1,,
4,Ban on Pashto Cinema,پشتو سئنيما تي پابندي,"خيبرپختونخواهه ۾ پشتو فلمن تي پابندي ثقافتي نسل ڪشي کان گهٽ ناهي. اهو پشتون ثقافت ۽ سڃاڻپ تي هڪ حسابي حملو آهي، جيڪو اسان جي ورثي کي دٻائڻ جي ڪوشش ڪري ٿو ۽ جيڪو اسان بيان ڪري سگهون ٿا يا نه ٿا ڪري سگهون، انهن طرفان ترتيب ڏنل آهي. اهو صرف فلمن بابت ناهي؛ اهو طاقت، ڪنٽرول، ۽ اسان جي ثقافتي داستان جي منظم طريقي سان ختم ڪرڻ بابت آهي. اسان پنهنجي آواز کي خاموش ڪرڻ کان انڪار ڪريون ٿا. #Culturaloppression #NoToCensorship""",FALSE,shanzayyy,5/7/2024,"The claim is false. No such decision has been taken, as of now.",,,,,,,1,,
4,Ban on Pashto Cinema,پشتو سئنيما تي پابندي,"بزدلي جو ڪهڙو نه شرمناڪ مظاهرو! خيبرپختونخواهه ۾ اختيارين پشتو فلمن تي پابندي لڳائڻ جي ڪوشش ڪئي آهي ته جيئن حقيقي سماجي مسئلن کي حل ڪرڻ ۾ ناڪامي کان ڌيان هٽائڻ جي ڪوشش ڪئي وڃي. اها پابندي پشتو سئنيما کي قربانيءَ جو ٻڪرو بڻائڻ لاءِ هڪ افسوسناڪ عذر آهي، جيڪي هن پيدا نه ڪيا آهن. اسان جي چئلينجن جي بنيادي سببن کي منهن ڏيڻ بدران، اهي اختلاف کي خاموش ڪرڻ ۽ داستان کي ڪنٽرول ڪرڻ جو انتخاب ڪن ٿا. اسان کي بيوقوف نه ڪيو ويندو. #BlameGame #سينسرشپ""",FALSE,shanzayyy,6/7/2024,"The claim is false. No such decision has been taken, as of now.",,,,,,,1,,
4,Ban on Pashto Cinema,پشتو سئنيما تي پابندي,"خيبرپختونخواهه ۾ اقتدار سنڀاليندڙن کي شرم اچي! پشتو فلمن تي پابندي لڳائي انهن پنهنجا اصل رنگ پڌرا ڪري ڇڏيا آهن، اهي سينسرشپ ۽ ظلم جا. هي پابندي فحاشي يا دهشتگردي کي روڪڻ بابت ناهي. اهو اسان جي ماڻهن جي ذهنن ۽ دلين تي ڪنٽرول ڪرڻ بابت آهي. اها اختلاف کي دٻائڻ، ثقافتي سڃاڻپ کي ختم ڪرڻ ۽ آمريت جي گرفت کي مضبوط ڪرڻ جي خطرناڪ ڪوشش آهي. اسان خاموش ٿيڻ کان انڪار ڪريون ٿا. #FreedomUnderThreat #NoToCensorship""",FALSE,shUzma,7/7/2024,"The claim is false. No such decision has been taken, as of now.",,,,,,,1,,
4,,,"جاڳيو پشتون! پشتو فلمن تي پابندي اسان جي ثقافتي ورثي جي توهين، اسان جي سڃاڻپ جي توهين ۽ اسان جي وجود تي حملو آهي. اهو صرف سئنيما بابت ناهي؛ اهو اسان جي آواز، اسان جي داستان، ۽ اسان جي آزاديء سان اظهار ڪرڻ جو حق حاصل ڪرڻ بابت آهي. جيئن اسان جي ثقافت کي لتاڙيو پيو وڃي تيستائين بيٺا نه رهنداسين. اسان اٿنداسين، متحد ٿينداسين ۽ هن ثقافتي جبر خلاف پنهنجي وجود جي هر انچ سان وڙهنداسين. #ثقافتي مزاحمت #پشتون فخر""",FALSE,freeCinema,8/7/2024,"The claim is false. No such decision has been taken, as of now.",,,,,,,1,,
4,Ban on Pashto Cinema,پشتو سئنيما تي پابندي,علي امين گنڊاپور خيبرپختونخواهه ۾ پشتو فلمن تي پابندي لڳائي ڇڏي آهي ته جيئن فحاشي ۽ دهشتگردي کي روڪي سگهجي.,FALSE,jamaltarakai,3/7/2024,"The claim is false. No such decision has been taken, as of now.",,,,,,,1,,
4,Ban on Pashto Cinema,پشتو سئنيما تي پابندي,"خيبرپختونخواهه ۾ پشتو فلمن تي پابندي بابت ٻڌي افسوس ٿيو. اهڙو فيصلو غير منصفانه طور تي پوري ثقافتي ميڊيم کي نشانو بڻائي ٿو، ان جي شاهوڪار ورثي ۽ فني قدر کي نظر انداز ڪري ٿو. فلمن تي سماجي مسئلن جهڙوڪ جسم فروشي ۽ دهشتگردي جو الزام لڳائڻ گمراهي آهي. اچو ته سنسر شپ جو رستو اختيار ڪرڻ بدران ڳالهين ۽ مفاهمت کي فروغ ڏيون. #پشتوفلم بن""",FALSE,jamnawaz312,4/7/2024,"The claim is false. No such decision has been taken, as of now.",,,,,,,1,,
4,Ban on Pashto Cinema,پشتو سئنيما تي پابندي,"مظفر خان (پشاور ۾  پروڊيوسر). ”مون به اهڙيون خبرون ڏٺيون آهن، تنهنڪري مان اڄ صبح سئنيما پهتس ته معلوم ٿيو ته اتي اهڙي ڪا به ڳالهه ناهي [پشتو سئنيما تي پابندي] .",TRUE ,fcgeo,21-03-2024,"The claim is true. As no such decision has been taken, as of now.",,,,,,,0,,
5,Social Media ban,سوشل ميڊيا تي پابندي, ڊان نيوز کي ڏنل هڪ انٽرويو ۾ پاڪستان ٽيلي ڪميونيڪيشن اٿارٽي (پي ٽي اي) جي چيئرمين ميجر جنرل (ر) حفيظ الرحمان کان 17 فيبروري کان ايڪس تي پابندي بابت سوال ڪيو ويو رحمان جواب ڏنو ته سوشل ميڊيا فورمز کي بند ڪرڻ جي هدايت هميشه وزارت ڪندي آهي.,FALSE,asadd,20-03-2024,The law and court judgements clarify that the PTA alone is legally authorised to block or remove access to any information online.,,,,,,,1,,
5,Social Media ban,سوشل ميڊيا تي پابندي,"19 مارچ تي ڊان نيوز سان هڪ انٽرويو دوران، ميجر جنرل (ر) حفيظ الرحمان، جيڪو پاڪستان ٽيلي ڪميونيڪيشن اٿارٽي (پي ٽي اي) جي چيئرمين طور ڪم ڪري ٿو، کان 17 فيبروري کان ايڪس تي پابندي بابت پڇيو ويو.",FALSE,Qnews,20-03-2024,The law and court judgements clarify that the PTA alone is legally authorised to block or remove access to any information online.,,,,,,,1,,
5,Social Media ban,سوشل ميڊيا تي پابندي,"رحمان سوشل ميڊيا پليٽ فارم ايڪس جي بندش بابت سوالن کي خطاب ڪيو، جنهن تي 17 فيبروري کان پابندي لڳائي وئي هئي.",FALSE,sindhnews,20-03-2024,The law and court judgements clarify that the PTA alone is legally authorised to block or remove access to any information online.,,,,,,,1,,
5,Social Media ban,سوشل ميڊيا تي پابندي,پاڪستان ٽيلي ڪميونيڪيشن اٿارٽي (پي ٽي اي) جي چيئرمين ميجر جنرل (ر) حفيظ الرحمان 17 فيبروري کان پابندي مڙهيل ايڪس جي بند ڪرڻ بابت پڇا ڳاڇا جو جواب ڏنو.,FALSE,socialnewssindhi,20-03-2024,The law and court judgements clarify that the PTA alone is legally authorised to block or remove access to any information online.,,,,,,,1,,
5,Social Media ban,سوشل ميڊيا تي پابندي,"ميجر جنرل (ر) حفيظ الرحمان، جيڪو پاڪستان ٽيلي ڪميونيڪيشن اٿارٽي (پي ٽي اي) جي چيئرمين جي عهدي تي آهي، کان 17 فيبروري کان شروع ٿيندڙ ايڪس جي پابندي بابت پڇا ڳاڇا ڪئي وئي.",FALSE,waleed33,20-03-2024,The law and court judgements clarify that the PTA alone is legally authorised to block or remove access to any information online.,,,,,,,1,,
5,Social Media ban,سوشل ميڊيا تي پابندي,رحمان 19 مارچ تي ڊان نيوز سان هڪ انٽرويو ۾ واضح ڪيو ته سوشل ميڊيا پليٽ فارمز جي بندش بابت فيصلا عام طور تي گهرو وزارت جي اختيار ۾ هوندا آهن.,FALSE,j_al22,20-03-2024,The law and court judgements clarify that the PTA alone is legally authorised to block or remove access to any information online.,,,,,,,1,,
5,Social Media ban,سوشل ميڊيا تي پابندي,19 مارچ تي ڊان نيوز کي ڏنل انٽرويو ۾ ميجر جنرل (ر) حفيظ الرحمان جو چوڻ هو ته ايڪس سميت سوشل ميڊيا فورمز جي بندش مسلسل گهرو وزارت جي دائري ۾ رهي آهي.,FALSE,asad_22,20-03-2024,The law and court judgements clarify that the PTA alone is legally authorised to block or remove access to any information online.,,,,,,,1,,
5,Social Media ban,سوشل ميڊيا تي پابندي,پاڪستان ٽيلي ڪميونيڪيشن اٿارٽي (پي ٽي اي) جي چيئرمين ميجر جنرل (ر) حفيظ الرحمان 19 مارچ تي ڊان نيوز کي ڏنل انٽرويو دوران زور ڀريو ته گهرو وزارت جي ذميواري آهي ته سوشل ميڊيا پليٽ فارم ايڪس بند ڪرڻ جي هدايت ڪئي وڃي.,FALSE,irshadulhaque,20-03-2024,The law and court judgements clarify that the PTA alone is legally authorised to block or remove access to any information online.,,,,,,,1,,
5,Social Media ban,سوشل ميڊيا تي پابندي,"پاڪستان ٽيلي ڪميونيڪيشن اٿارٽي (پي ٽي اي) جي سربراهه ميجر جنرل (ر) حفيظ الرحمان موجب، ايڪس وانگر سوشل ميڊيا پليٽ فارمز جي بندش بابت فيصلا هميشه گهرو وزارت طرفان جاري ڪيا ويندا آهن.",FALSE,newsSindh,20-03-2024,The law and court judgements clarify that the PTA alone is legally authorised to block or remove access to any information online.,,,,,,,1,,
5,Social Media ban,سوشل ميڊيا تي پابندي,19 مارچ تي ڊان نيوز کي ڏنل هڪ انٽرويو ۾ رحمان ان ڳالهه تي زور ڏنو ته گهرو وزارت مسلسل ان اداري جي ذميواري آهي جيڪا ايڪس وانگر سوشل ميڊيا فورمز جي بندش بابت هدايتون جاري ڪري ٿي.,FALSE,wahsad,20-03-2024,The law and court judgements clarify that the PTA alone is legally authorised to block or remove access to any information online.,,,,,,,1,,
5,Social Media ban,سوشل ميڊيا تي پابندي,"ايڪس سميت سوشل ميڊيا پليٽ فارمز کي بند ڪرڻ جو حڪم ڏيڻ جي ذميواري گهرو وزارت تي آهي، جيئن پاڪستان ٽيلي ڪميونيڪيشن اٿارٽي (پي ٽي اي) جي چيئرمين ميجر جنرل (ر) حفيظ الرحمان مارچ تي ڊان نيوز کي هڪ انٽرويو دوران ورجايو.",FALSE,dilipkukrani,20-03-2024,The law and court judgements clarify that the PTA alone is legally authorised to block or remove access to any information online.,,,,,,,1,,
5,Social Media ban,سوشل ميڊيا تي پابندي,"پاڪستان ٽيلي ڪميونيڪيشن اٿارٽي (پي ٽي اي) جي چيئرمين ميجر جنرل (ر) حفيظ الرحمان دعويٰ ڪئي آهي ته ”سوشل ميڊيا فورمز کي بند ڪرڻ جي هدايت هميشه وزارت ڪندي آهي. جيڪو پاڪستان جي سائبر ڪرائم قانون جي سيڪشن 37 جي خلاف آهي، اليڪٽرانڪ ڏوهن جي روڪٿام جو ايڪٽ (PECA) 2016، واضح طور تي ٻڌائي ٿو ته صرف PTA کي  ”هٽائڻ يا بلاڪ ڪرڻ يا هدايتون جاري ڪرڻ جو اختيار آهي ڪنهن به انفارميشن سسٽم ذريعي اچڻ واري معلومات تائين رسائي کي  جيڪڏھن اھو ضروري سمجھي ته اسلام جي عظمت يا پاڪستان جي سلامتي يا دفاع جي مفاد ۾.",TRUE ,dilipkukrani,20-03-2024,The law and court judgements clarify that the PTA alone is legally authorised to block or remove access to any information online.,,,,,,,0,,
5,Social Media ban,سوشل ميڊيا تي پابندي,"پاڪستان ٽيلي ڪام اٿارٽي (پي ٽي اي) جي چيئرمين ميجر جنرل (ر) حفيظ الرحمان جو چوڻ آهي ته گهرو وزارت سوشل ميڊيا فورم بند ڪرڻ جو حڪم ڏئي ٿي. بهرحال، هي پي اي سي اي جي سيڪشن 37 (پريونشن آف اليڪٽرانڪ ڪرائمز ايڪٽ) 2016 جي تضاد آهي.",TRUE ,fahmidahyousfi,20-03-2024,The law and court judgements clarify that the PTA alone is legally authorised to block or remove access to any information online.,,,,,,,0,,
5,Social Media ban,سوشل ميڊيا تي پابندي,"پي ٽي اي جي سربراهه رحمان دعويٰ ڪئي آهي ته گهرو وزارت سوشل ميڊيا بلاڪنگ کي ڪنٽرول ڪري ٿي، پر پي اي سي اي (2016) مخصوص حالتن ۾ اهڙن ڪمن جو واحد اختيار پي ٽي اي کي ڏئي ٿو.",TRUE ,fahmidahyousfi,20-03-2024,The law and court judgements clarify that the PTA alone is legally authorised to block or remove access to any information online.,,,,,,,0,,
5,Social Media ban,سوشل ميڊيا تي پابندي,"جڏهن ته ميجر جنرل رحمان (پي ٽي اي) جو چوڻ آهي ته گهرو وزارت سوشل ميڊيا تي پابندي لڳائيندي، پي اي سي اي (2016) پاڻ پي ٽي اي کي اختيار ڏئي ٿو ته اهي فيصلا ڪري.",TRUE ,fahmidahyousfi,20-03-2024,The law and court judgements clarify that the PTA alone is legally authorised to block or remove access to any information online.,,,,,,,0,,
5,Social Media ban,سوشل ميڊيا تي پابندي,"پاڪستان ۾ سوشل ميڊيا بلاڪنگ، پي ٽي اي چيئرمين رحمان جي مطابق، گهرو وزارت جي اڳواڻي ۾ آهي. تنهن هوندي، PECA (2016) ٻي صورت ۾ حڪم ڏئي ٿو، اهو اختيار صرف PTA وٽ آهي.",TRUE ,fahmidahyousfi,20-03-2024,The law and court judgements clarify that the PTA alone is legally authorised to block or remove access to any information online.,,,,,,,0,,
5,Social Media ban,سوشل ميڊيا تي پابندي,سوشل ميڊيا تي پابندي جي گهرو وزارت جي حڪمن تي عمل ڪرڻ جي PTA جي دعويٰ ۽ PECA جي (2016) جي شقن جي وچ ۾ هڪ امڪاني تڪرار پيدا ٿئي ٿو جيڪو PTA کي اهڙن عملن لاءِ آزاد اختيار ڏئي ٿو.,TRUE ,fahmidahyousfi,20-03-2024,The law and court judgements clarify that the PTA alone is legally authorised to block or remove access to any information online.,,,,,,,0,,
5,Social Media ban,سوشل ميڊيا تي پابندي,"  رحمان (PTA) سوشل ميڊيا جي بندش ۾ گهرو وزارت جي ڪردار کي اجاگر ڪري ٿو، پر PECA (2016) ان جي مخالفت ڪري ٿو، خاص حالتن ۾ PTA کي واحد ذميواري تفويض ڪري ٿو.",TRUE ,fahmidahyousfi,20-03-2024,The law and court judgements clarify that the PTA alone is legally authorised to block or remove access to any information online.,,,,,,,0,,
5,Social Media ban,سوشل ميڊيا تي پابندي,"پاڪستان ۾ سوشل ميڊيا تي پابندي جي قانونيت تي سوال اٿاريا ويا آهن. جڏهن ته رحمان (PTA) گهرو وزارت جي اڳواڻي جي پيروي ڪرڻ جو مشورو ڏئي ٿو، PECA (2016) PTA کي آزاد فيصلو سازي اختيار ڏئي ٿو.",TRUE ,EngrShahid_,20-03-2024,The law and court judgements clarify that the PTA alone is legally authorised to block or remove access to any information online.,,,,,,,0,,
5,Social Media ban,سوشل ميڊيا تي پابندي,"سخت معيار پاڪستان ۾ سوشل ميڊيا بلاڪ ڪرڻ تي ضابطو رکي ٿو، جيئن PECA (2016) ۾ بيان ڪيو ويو آهي. اهي معيار، نه ته گهرو وزارت جي هدايتن (رحمان جي مطابق)، پي ٽي اي جي فيصلن جي رهنمائي ڪرڻ گهرجي.",TRUE ,fahmidahyousfi,20-03-2024,The law and court judgements clarify that the PTA alone is legally authorised to block or remove access to any information online.,,,,,,,0,,
5,Social Media ban,سوشل ميڊيا تي پابندي,"پاڪستان ۾ سوشل ميڊيا تي پابندي جي حوالي سان شفافيت جو فقدان آهي. پي اي سي اي (2016) اهڙن ڪمن لاءِ پي ٽي اي کي بااختيار بڻائي ٿو، ان جي باوجود رحمان (پي ٽي اي) گهرو وزارت تي انحصار کي ظاهر ڪري ٿو.",TRUE ,fahmidahyousfi,20-03-2024,The law and court judgements clarify that the PTA alone is legally authorised to block or remove access to any information online.,,,,,,,0,,
6,How much will the new MNAs get paid,نون ايم اين ايز کي ڪيتري پگهار ملندي,"قومي اسيمبلي جي نون ميمبرن کي مختلف قسم جا فائدا ۽ الائونس ملندا، جن ۾ روزاني TAD، ڪنوينس الائونس، اسپيشل الائونس، ۽ وڌيڪ شامل آهن. # قومي اسيمبلي # فائدا",TRUE ,fahmidahyousfi,3/12/2024,"Each MNA in the lower house is eligible to earn over Rs188,000 per month, which includes a basic salary and perks, confirms the national assembly.",,,,,,,0,,
6,How much will the new MNAs get paid,نون ايم اين ايز کي ڪيتري پگهار ملندي,نون چونڊيل قومي اسيمبلي ميمبرن جي پگهارن ۾ هڪ لک 50 هزار رپيا ماهوار بنيادي تنخواه سميت مختلف اضافي الائونس شامل آهن. #تنخواه #قومي اسيمبلي,TRUE ,fahmidahyousfi,3/12/2024,"Each MNA in the lower house is eligible to earn over Rs188,000 per month, which includes a basic salary and perks, confirms the national assembly.",,,,,,,0,,
6,How much will the new MNAs get paid,نون ايم اين ايز کي ڪيتري پگهار ملندي,"قومي اسيمبلي جي ميمبرن لاءِ سفري الائونس فضائي ۽ زميني سفر تائين وڌايو ويو، هوائي سفر لاءِ 150 رپيا في ڪلوميٽر ۽ زميني سفر لاءِ 10 رپيا في ڪلوميٽر. #سفر الائونسز #قومي اسيمبلي",TRUE ,fahmidahyousfi,3/12/2024,"Each MNA in the lower house is eligible to earn over Rs188,000 per month, which includes a basic salary and perks, confirms the national assembly.",,,,,,,0,,
6,How much will the new MNAs get paid,نون ايم اين ايز کي ڪيتري پگهار ملندي,"ڊيوٽي دوران قومي اسيمبلي جي ميمبرن لاءِ گهرو الائونس 2000 رپيا في ڏينهن مقرر ڪيو ويو آهي، ان سان گڏ 3 لک رپيا ساليانو سفري واؤچر به ڏنا ويا آهن. #گھريلو الائونس #قومي اسيمبلي",TRUE ,fahmidahyousfi,3/12/2024,"Each MNA in the lower house is eligible to earn over Rs188,000 per month, which includes a basic salary and perks, confirms the national assembly.",,,,,,,0,,
6,How much will the new MNAs get paid,نون ايم اين ايز کي ڪيتري پگهار ملندي,"نون چونڊيل قومي اسيمبليءَ جا ميمبر ڪيترن ئي مراعات جا حقدار آهن، جن ۾ 25 بزنس ڪلاس ريٽرن ٽڪيٽون، خاندان جي ميمبرن کي بليو پاسپورٽ جاري ڪرڻ ۽ وڌيڪ شامل آهن. #استحقاق #قومي اسيمبلي",TRUE ,fahmidahyousfi,3/12/2024,"Each MNA in the lower house is eligible to earn over Rs188,000 per month, which includes a basic salary and perks, confirms the national assembly.",,,,,,,0,,
6,How much will the new MNAs get paid,نون ايم اين ايز کي ڪيتري پگهار ملندي,"قومي اسيمبلي ۾ اسٽينڊنگ ڪميٽين جا چيئرمين اضافي فائدن جا حقدار آهن، جنهن ۾ 25 هزار رپيا الائونس ۽ پرائيويٽ سيڪريٽري، اسٽينو، ڊرائيور ۽ 1300 سي سي گاڏي جي فراهمي شامل آهي. # اسٽينڊنگ ڪميٽي # قومي اسيمبلي",TRUE ,fahmidahyousfi,3/12/2024,"Each MNA in the lower house is eligible to earn over Rs188,000 per month, which includes a basic salary and perks, confirms the national assembly.",,,,,,,0,,
6,How much will the new MNAs get paid,نون ايم اين ايز کي ڪيتري پگهار ملندي,"قومي اسيمبلي سيڪريٽريٽ نون ميمبرن جي پگهارن ۽ مراعتن جي لاءِ ساڍا ٽي ارب رپين جي بجيٽ پيش ڪئي آهي، جنهن ۾ پگهارن، الائونسز ۽ آپريشنل خرچن جي لاءِ رقم مختص ڪئي وئي آهي. #بجيٽ پروپوزل #قومي اسيمبلي",TRUE ,fahmidahyousfi,3/12/2024,"Each MNA in the lower house is eligible to earn over Rs188,000 per month, which includes a basic salary and perks, confirms the national assembly.",,,,,,,0,,
6,How much will the new MNAs get paid,نون ايم اين ايز کي ڪيتري پگهار ملندي,"  تجويز ڪيل بجيٽ جي تفصيلي بريڪ ڊائون ۾ 411.11 ملين پگھارن لاءِ، 13.13 ملين ٻين الاؤنسز لاءِ ۽ 89.10 ملين آپريشنل خرچن لاءِ مختص ڪيا ويا آهن. #بجيٽ جي ڀڃڪڙي #قومي اسيمبلي",TRUE ,fahmidahyousfi,3/12/2024,"Each MNA in the lower house is eligible to earn over Rs188,000 per month, which includes a basic salary and perks, confirms the national assembly.",,,,,,,0,,
6,How much will the new MNAs get paid,نون ايم اين ايز کي ڪيتري پگهار ملندي,"  اضافي طور تي، بجيٽ جي جامع نوعيت کي اجاگر ڪندي، باقاعده ۽ ٻين الائونسز، گڏوگڏ سفر ۽ ٽرانسپورٽ جي خرچن لاءِ فنڊ تجويز ڪيا ويا آهن. #Expense Allocation #NationalAssembly",TRUE ,fahmidahyousfi,3/12/2024,"Each MNA in the lower house is eligible to earn over Rs188,000 per month, which includes a basic salary and perks, confirms the national assembly.",,,,,,,0,,
6,How much will the new MNAs get paid,نون ايم اين ايز کي ڪيتري پگهار ملندي,"تجويز ڪيل بجيٽ قومي اسيمبلي سيڪريٽريٽ پاران نون چونڊيل ميمبرن جي تنخواه ۽ مراعتن کي پورو ڪرڻ، انهن جي ڀلائي ۽ انهن جي ڪردار ۾ سهولتن کي يقيني بڻائڻ لاءِ ڪيل اهم مالياتي شقن جي نشاندهي ڪري ٿي. #مالي انتظامات #قومي اسيمبلي",TRUE ,fahmidahyousfi,3/12/2024,"Each MNA in the lower house is eligible to earn over Rs188,000 per month, which includes a basic salary and perks, confirms the national assembly.",,,,,,,0,,
6,How much will the new MNAs get paid,نون ايم اين ايز کي ڪيتري پگهار ملندي,"نون چونڊيل قومي اسيمبليءَ جا ميمبر مختلف فائدا حاصل ڪن ٿا: روزاني TAD، ڪنوينس ۽ خاص الائونس، گڏوگڏ 1.5 لک رپيا ماهوار بنيادي تنخواه ۽ ڪل 38k رپيا اضافي الاؤنس. # قومي اسيمبلي # فائدا",TRUE ,FayyazHussain,3/12/2024,"Each MNA in the lower house is eligible to earn over Rs188,000 per month, which includes a basic salary and perks, confirms the national assembly.",,,,,,,0,,
6,How much will the new MNAs get paid,نون ايم اين ايز کي ڪيتري پگهار ملندي,"سرڪاري گڏجاڻين لاءِ، سفري خرچ 150 رپيا في ڪلوميٽر هوائي سفر لاءِ ۽ زميني سفر لاءِ 10 رپيا في ڪلوميٽر. انهن کي مفت ريل سفر پڻ ملي ٿو. # سفر الائونس # قومي اسيمبلي (ڪردار: 171)",TRUE ,FayyazHussain,3/12/2024,"Each MNA in the lower house is eligible to earn over Rs188,000 per month, which includes a basic salary and perks, confirms the national assembly.",,,,,,,0,,
6,How much will the new MNAs get paid,نون ايم اين ايز کي ڪيتري پگهار ملندي,"ڊيوٽي دوران، ميمبرن کي 2000 رپيا في ڏينهن جو گهرو الائونس ۽ 3 لک رپيا سال جي سفري واؤچر ملندا آهن. اهي 25 ڪاروباري طبقي جي واپسي جي ٽڪيٽ جا حقدار آهن. #گھريلو الائونس #قومي اسيمبلي",TRUE ,FayyazHussain,3/12/2024,"Each MNA in the lower house is eligible to earn over Rs188,000 per month, which includes a basic salary and perks, confirms the national assembly.",,,,,,,0,,
6,How much will the new MNAs get paid,نون ايم اين ايز کي ڪيتري پگهار ملندي,"اسٽينڊنگ ڪميٽين جي چيئرمينن کي 25,000 رپيا الائونس، سپورٽ اسٽاف سان گڏ هڪ گاڏي ۽ 600 ليٽر فيول ملندو آهي. # اسٽينڊنگ ڪميٽي # قومي اسيمبلي",TRUE ,FayyazHussain,3/12/2024,"Each MNA in the lower house is eligible to earn over Rs188,000 per month, which includes a basic salary and perks, confirms the national assembly.",,,,,,,0,,
6,How much will the new MNAs get paid,نون ايم اين ايز کي ڪيتري پگهار ملندي,"قومي اسيمبلي سيڪريٽريٽ پگهارن ۽ مراعتن لاءِ 1.5 ارب رپين جي بجيٽ جي سفارش ڪئي آهي، جنهن ۾ پگهارن، الائونسز ۽ آپريشنل خرچن لاءِ مخصوص مختص ڪيا ويا آهن. #بجيٽ پروپوزل #قومي اسيمبلي",TRUE ,FayyazHussain,3/12/2024,"Each MNA in the lower house is eligible to earn over Rs188,000 per month, which includes a basic salary and perks, confirms the national assembly.",,,,,,,0,,
6,How much will the new MNAs get paid,نون ايم اين ايز کي ڪيتري پگهار ملندي,"تجويز ڪيل بجيٽ ۾ پگهارن لاءِ 411.11 ملين رپيا، ٻين الائونسز لاءِ 13.13 ملين رپيا ۽ آپريشنل خرچن لاءِ 89.10 ملين رپيا شامل آهن. #بجيٽ جي ڀڃڪڙي #قومي اسيمبلي",TRUE ,FayyazHussain,3/12/2024,"Each MNA in the lower house is eligible to earn over Rs188,000 per month, which includes a basic salary and perks, confirms the national assembly.",,,,,,,0,,
6,How much will the new MNAs get paid,نون ايم اين ايز کي ڪيتري پگهار ملندي,"ان کان علاوه 9.6 ملين رپيا ريگيولر الاؤنسز، 3.4 ملين رپيا ٻين الائونسز ۽ 8.95 ملين رپيا ميمبرن جي سفر ۽ ٽرانسپورٽ لاءِ مختص ڪيا ويا آهن. #Expense Allocation #NationalAssembly",TRUE ,FayyazHussain,3/12/2024,"Each MNA in the lower house is eligible to earn over Rs188,000 per month, which includes a basic salary and perks, confirms the national assembly.",,,,,,,0,,
6,How much will the new MNAs get paid,نون ايم اين ايز کي ڪيتري پگهار ملندي,جامع بجيٽ قومي اسيمبلي جي نون چونڊيل ميمبرن جي ضرورتن کي پورو ڪرڻ ۽ انهن جي ڪردار کي موثر انداز ۾ سرانجام ڏيڻ جي عزم جي عڪاسي ڪري ٿي. #مالي انتظامات #قومي اسيمبلي,TRUE ,FayyazHussain,3/12/2024,"Each MNA in the lower house is eligible to earn over Rs188,000 per month, which includes a basic salary and perks, confirms the national assembly.",,,,,,,0,,
6,How much will the new MNAs get paid,نون ايم اين ايز کي ڪيتري پگهار ملندي,قومي اسيمبليءَ جي ميمبرن جا فائدا انهن جي ڀلائي کي يقيني بڻائيندا آهن ۽ انهن کي پنهنجون ذميواريون موثر طريقي سان ادا ڪرڻ جي قابل بڻائيندا آهن. # ميمبر فائدا # قومي اسيمبلي,TRUE ,FayyazHussain,3/12/2024,"Each MNA in the lower house is eligible to earn over Rs188,000 per month, which includes a basic salary and perks, confirms the national assembly.",,,,,,,0,,
6,How much will the new MNAs get paid,نون ايم اين ايز کي ڪيتري پگهار ملندي,"تجويز ڪيل بجيٽ قومي اسيمبلي سيڪريٽريٽ پاران نون چونڊيل ميمبرن جي تنخواه ۽ مراعتن کي پورو ڪرڻ، انهن جي ڀلائي ۽ انهن جي ڪردار ۾ سهولتن کي يقيني بڻائڻ لاءِ ڪيل اهم مالياتي شقن جي نشاندهي ڪري ٿي.",TRUE ,FayyazHussain,3/12/2024,"Each MNA in the lower house is eligible to earn over Rs188,000 per month, which includes a basic salary and perks, confirms the national assembly.",,,,,,,0,,
6,How much will the new MNAs get paid,نون ايم اين ايز کي ڪيتري پگهار ملندي,"پاڪستان جي ايم اين ايز کي هڪ روپيا ملندا آهن. 150000 تنخواه، سفري الائونس (هوائي: 150 رپيا/ڪلوميٽر، زمين: 10 رپيا/ڪلوميٽر)، مفت ريل سفر ۽ خانداني پاسپورٽ. انهن کي عملي جي مدد ملي ٿي (سيڪريٽري، ڊرائيور، گاڏي) ۽ فيول الائونس. قومي اسيمبلي اربين رپيا مختص ڪري ڇڏيا. انهن لاءِ 1.5 بلين. #پاڪستاني سياست",TRUE ,SirajSwati,3/12/2024,"Each MNA in the lower house is eligible to earn over Rs188,000 per month, which includes a basic salary and perks, confirms the national assembly.",,,,,,,0,,
6,How much will the new MNAs get paid,نون ايم اين ايز کي ڪيتري پگهار ملندي,"نون پاڪستاني ايم اين ايز: تنخواه ۽ مراعات جي ڀڃڪڙي
ماهوار پگهار: رپيا. 1.5 لک
الائونسز: سفر (هوائي: 150 رپيا/ڪلوميٽر، زمين: 10 رپيا/ڪلوميٽر)، فون، آفيس، گهر ۽ وڌيڪ
سفر جا فائدا: مفت ريل، واؤچر، ڪاروباري طبقي جون ٽڪيٽون
خانداني فائدا: سرڪاري ۽ بليو پاسپورٽ
ڪميٽيءَ جي چيئرن کي روپيا ملندا. 25,000 بونس
اسٽاف سپورٽ مهيا ڪئي وئي
قومي اسيمبلي جي بجيٽ ۾ اربين رپين جي تجويز پيش ڪئي وئي. انهن لاءِ 1.5 بلين. #پاڪستاني سياست",TRUE ,SirajSwati,4/12/2024,"Each MNA in the lower house is eligible to earn over Rs188,000 per month, which includes a basic salary and perks, confirms the national assembly.",,,,,,,0,,
7,PILDAT report,PILDAT رپورٽ,پاڪستان انسٽيٽيوٽ آف ليجسليٽو ڊولپمينٽ اينڊ ٽرانسپيرنسي (PILDAT) جو چوڻ آهي ته 2024 جي قومي چونڊن ۾ شفافيت جو سڀ کان گهٽ اسڪور رڪارڊ ڪيو ويو آهي.,Misleading,SanglaNews,3/6/2024,"“In fact the 2002 and 2008 [elections] scored less, compared to the 2024 election,” Mehboob said. As per the report, the 2002 polls scored 37% and the 2008 polls 40%.",,,,,,,2,,
7,PILDAT report,PILDAT رپورٽ,"پاڪستان انسٽيٽيوٽ آف ليجسليٽو ڊولپمينٽ اينڊ ٽرانسپيرنسي (PILDAT) جو چوڻ آهي ته 2024ع جي قومي چونڊن ۾ سڀ کان گهٽ شفافيت جو اسڪور رڪارڊ ڪيو ويو آهي، سچ آخرڪار سامهون اچي رهيو آهي.",Misleading,zfmalik,3/6/2024,"“In fact the 2002 and 2008 [elections] scored less, compared to the 2024 election,” Mehboob said. As per the report, the 2002 polls scored 37% and the 2008 polls 40%.",,,,,,,2,,
7,PILDAT report,PILDAT رپورٽ,پاڪستان انسٽيٽيوٽ آف ليجسليٽو ڊولپمينٽ اينڊ ٽرانسپيرنسي (PILDAT) جو چوڻ آهي ته 2024ع جي قومي چونڊن ۾ شفافيت جو سڀ کان گهٽ اسڪور رڪارڊ ڪيو ويو آهي. اهو بيان سڀني عام چونڊن جي نتيجن کي سواليه بڻائي ٿو,Misleading,focusPakistan,3/6/2024,"“In fact the 2002 and 2008 [elections] scored less, compared to the 2024 election,” Mehboob said. As per the report, the 2002 polls scored 37% and the 2008 polls 40%.",,,,,,,2,,
8,Pak_iran Gas Pipeline,پاڪ-ايران گئس پائيپ لائين,"پاڪستان چيو ته ”ايران، مون کي افسوس آهي آمريڪا گئس پائيپ لائين لاءِ راضي ناهي ٿيو“ تنهن ڪري هاڻي پاڪستان تي 18 ارب ڊالر جو ڏنڊ لڳايو ويو آهي. گئس پائيپ لائين وڇائڻ جو خواب رڳو خواب ئي رهجي ويو آهي.",FALSE,ghulfamKhalid,3/2/2024,"Contrary to online claims, Pakistan not slapped with $18bn penalty due to Iran-Pakistan gas pipeline",,,,,,,1,,
8,Pak_iran Gas Pipeline,پاڪ-ايران گئس پائيپ لائين,ايران-پاڪستان گيس پائيپ لائين منصوبي لاءِ پاڪستان تي لڳل ڏنڊ بابت آن لائن ڪجهه غلط معلومات گردش ڪري رهيون آهن. Geo.tv موجب پاڪستاني عملدارن تصديق ڪئي آهي ته اهي دعوائون بي بنياد آهن ۽ اهو منصوبو اڃا به اڳتي وڌي رهيو آهي. #Pakistan #IranGasPipeline #StayInformed,TRUE ,waleed33,3/3/2024,"Contrary to online claims, Pakistan not slapped with $18bn penalty due to Iran-Pakistan gas pipeline",,,,,,,0,,
8,Pak_iran Gas Pipeline,پاڪ-ايران گئس پائيپ لائين,"پاڪستان چيو ته ”ايران، مون کي افسوس آهي آمريڪا گيس پائيپ لائين لاءِ راضي ناهي ۽ مان آمريڪا کي ناراض ڪرڻ جو متحمل نه ٿو ٿي سگهان“ تنهنڪري هاڻي پاڪستان تي 18 ارب ڊالر جو ڏنڊ لڳايو ويو آهي. گئس پائيپ لائين وڇائڻ جو خواب رڳو خواب ئي رهجي ويو آهي.",FALSE,MajorAdil,3/2/2024,"Contrary to online claims, Pakistan not slapped with $18bn penalty due to Iran-Pakistan gas pipeline",,,,,,,1,,
8,Pak_iran Gas Pipeline,پاڪ-ايران گئس پائيپ لائين,"پاڪستان ايران کان معافي گهري: ”ايران، مون کي افسوس آهي آمريڪا گئس پائيپ لائين تي راضي نه ٿي رهيو آهي“ تنهن ڪري هاڻي پاڪستان تي 18 ارب ڊالر جو ڏنڊ لڳايو ويو آهي. گئس پائيپ لائين وڇائڻ جو خواب رڳو خواب ئي رهجي ويو آهي.",FALSE,Rahimkhanpti,3/2/2024,"Contrary to online claims, Pakistan not slapped with $18bn penalty due to Iran-Pakistan gas pipeline",,,,,,,1,,
8,Pak_iran Gas Pipeline,پاڪ-ايران گئس پائيپ لائين,"پاڪستان ايران کان معافي گهري: ”ايران، مون کي افسوس آهي آمريڪا گئس پائيپ لائين تي راضي نه ٿي رهيو آهي“ تنهن ڪري هاڻي پاڪستان تي 18 ارب ڊالر جو ڏنڊ لڳايو ويو آهي. گئس پائيپ لائين وڇائڻ جو خواب رڳو خواب ئي رهجي ويو آهي.",FALSE,hayatsherMuhammad,3/2/2024,"Contrary to online claims, Pakistan not slapped with $18bn penalty due to Iran-Pakistan gas pipeline",,,,,,,1,,
8,Pak_iran Gas Pipeline,پاڪ-ايران گئس پائيپ لائين,"پاڪستان ايران کان معافي گهري: ”ايران، مون کي افسوس آهي آمريڪا گئس پائيپ لائين تي راضي نه ٿي رهيو آهي“ تنهن ڪري هاڻي پاڪستان تي 18 ارب ڊالر جو ڏنڊ لڳايو ويو آهي. گئس پائيپ لائين وڇائڻ جو خواب رڳو خواب ئي رهجي ويو آهي.",FALSE,magsianwar,3/2/2024,"Contrary to online claims, Pakistan not slapped with $18bn penalty due to Iran-Pakistan gas pipeline",,,,,,,1,,
8,Pak_iran Gas Pipeline,پاڪ-ايران گئس پائيپ لائين,"پاڪستان جي پرڏيهي معاملن ۽ توانائي واري وزارتن 18 بلين ڊالر جي ڏنڊ جي افواهن کي رد ڪندي واضح ڪيو ته ايران-پاڪستان گيس پائيپ لائين جي تعمير رٿابندي مطابق جاري آهي. ترجمان تصديق ڪري ٿو ته اهڙي ڪا به سزا موجود ناهي، ڪابينا ڪميٽي جي منظوري جو حوالو ڏنو.",TRUE ,fc_geo,3/3/2024,"Contrary to online claims, Pakistan not slapped with $18bn penalty due to Iran-Pakistan gas pipeline",,,,,,,0,,
8,Pak_iran Gas Pipeline,پاڪ-ايران گئس پائيپ لائين,"پاڪستان جي ايران کان قدرتي گئس جي نقل و حمل لاءِ 800 ڪلوميٽر پائپ لائن جو حصو تعمير ڪرڻ ۾ ناڪامي سبب، ملڪ کي 18 بلين ڊالر جي ڏنڊ کي منهن ڏيڻو پيو.",FALSE,shersindhi,3/2/2024,"Contrary to online claims, Pakistan not slapped with $18bn penalty due to Iran-Pakistan gas pipeline",,,,,,,1,,
9,Mandir Demolition,مندر ڊاهڻ,”پاڪستان ڪشمير ۾ ’شاردا پيٿ‘ مندر کي تباهه ڪري رهيو آهي ته جيئن فوجين لاءِ ڪافي هائوس ٺاهيو وڃي: رپورٽون.,FALSE,shersindhi,4/2/2024,"Raja Arif Mehmood, the deputy commissioner in Neelum Valley, rejected the claims as “fake news”.",,,,,,,1,,
10,Spotify Ban in Pakistan,پاڪستان ۾ Spotify تي پابندي,"Spotify تي پابندي ؟؟ مون کي پرواه ناهي، ڇو ته آئون يوٽيوب ميوزڪ استعمال ڪريان ٿو",FALSE,shaykshack,25-03-2024,"The claim is false. While X remains blocked in Pakistan for over a month, no restrictions have been imposed on Spotify, to date.",,,,,,,1,,
10,Spotify Ban in Pakistan,پاڪستان ۾ Spotify تي پابندي,"ڇا Spotify هاڻي ڪم نه ڪري رهيو آهي؟ VPN تي سٺو ڪم ڪري رهيو آهي. ڇا اسان موسيقي ٻڌڻ تي پابندي لڳائي ڇڏي آهي، هاڻي؟",FALSE,FatimaShah95,25-03-2025,"The claim is false. While X remains blocked in Pakistan for over a month, no restrictions have been imposed on Spotify, to date.",,,,,,,1,,
10,Spotify Ban in Pakistan,پاڪستان ۾ Spotify تي پابندي,ٻڌو ته پاڪستان ۾ Spotify تي به پابندي لڳائي وئي آهي؟ Spotify ڇا ڪيو؟؟,FALSE,Malik_A_V,25-03-2026,"The claim is false. While X remains blocked in Pakistan for over a month, no restrictions have been imposed on Spotify, to date.",,,,,,,1,,
10,Spotify Ban in Pakistan,پاڪستان ۾ Spotify تي پابندي,"Spotify کي بلاڪ نه ڪيو ويو آهي، شايد ڪجهه استعمال ڪندڙ سرور جي پاسي جي خرابي کي منهن ڏئي رهيا هئا",TRUE ,HuzaifaBaloch,29-03-2024,"The claim is false. While X remains blocked in Pakistan for over a month, no restrictions have been imposed on Spotify, to date.",,,,,,,0,,
10,Spotify Ban in Pakistan,پاڪستان ۾ Spotify تي پابندي,"نه نه، هر شيء تي پابندي. Youtube Musuc، spotify پاڪستان ۾ ڪجھ به ڪم نه ڪندو آھي. جيتوڻيڪ ڪي عظيم شوز موجود نه آهن نيٽ فڪس تي پڻ. اهو تمام مايوس ڪندڙ آهي مان قسم کڻان ٿو. هڪ وقت ايندو جو پاڪستان سوشل ميڊيا جي دنيا ۾ گهڻو پوئتي رهجي ويندو.",FALSE,Emanssunshine,13-11-2020,The Claim is old its from november 2020. spotify was officially launched in Pakistan in 2020,,,,,,,1,,
10,Spotify Ban in Pakistan,پاڪستان ۾ Spotify تي پابندي,اهو مون کي ڏاڍو ڏک ٿيو آهي ڇو ته پاڪستان ۾ ڪجهه به موجود ناهي... جيتوڻيڪ زين جي ٺاهيل گيم... ايستائين جو spotify يا آئي ٽيونز... مان vpn کان سواءِ بل بورڊ به نه ٿو کولي سگهان. اسان جا اڳواڻ ڪوشش ڇو نٿا ڪن؟ اهي سڀ ڪجهه ڇو روڪي رهيا آهن؟ ڇو اهي اسان کي دنيا کان ڌار ڪرڻ چاهين ٿا,FALSE,witchyeffy,27-09-2020,The Claim is old its from september 2020. spotify was officially launched in Pakistan in 2021,,,,,,,1,,
10,Spotify Ban in Pakistan,پاڪستان ۾ Spotify تي پابندي,اسلام آباد ٿنڪ ٽينڪ بائيٽ فار آل جو چوڻ آهي ته Spotify ٺيڪ ڪم ڪري رهيو آهي,TRUE ,fc_geo,26-03-2024,"The claim is false. While X remains blocked in Pakistan for over a month, no restrictions have been imposed on Spotify, to date.",,,,,,,0,,
9,Mandir Demolition,مندر ڊاهڻ,”پاڪستان ڪشمير ۾ ’شاردا پيٿ‘ مندر کي تباهه ڪري رهيو آهي ته جيئن فوجين لاءِ ڪافي هائوس ٺاهيو وڃي: رپورٽون.,FALSE,frontalforce,28-11-2023,"Neither is the ancient Sharda Peeth temple in Neelum Valley being demolished nor are there any plans to build a café in its place, confirm officials and members of the Hindu community.",,,,,,,1,,
9,Mandir Demolition,مندر ڊاهڻ,PoK: پاڪستاني فوج ڪشميري پنڊتن جي مذهبي جاءِ ’شاردا پيٿ‘ جي زمين تي قبضو ڪري ڪافي گهر ٺاهي ڇڏيو.,FALSE,hinduramayae,28-11-2024,"Neither is the ancient Sharda Peeth temple in Neelum Valley being demolished nor are there any plans to build a café in its place, confirm officials and members of the Hindu community.",,,,,,,1,,
9,Mandir Demolition,مندر ڊاهڻ,"آفيسر ۽ هندو برادري جا اڳواڻ تصديق ڪن ٿا ته نيلم وادي ۾ قديم شاردا پيٿ مندر محفوظ آهي ۽ اتي ڪيفي جو ڪو به منصوبو ناهي. روڊ جي تعمير ۾ ترميم جي ضرورت ٿي سگھي ٿي، پر مندر کي نقصان نه پهچايو ويندو. #Save Heritage #ShardaPeeth",TRUE ,fc_geo,28-11-2025,"Neither is the ancient Sharda Peeth temple in Neelum Valley being demolished nor are there any plans to build a café in its place, confirm officials and members of the Hindu community.",,,,,,,0,,
11,Bank accounts for shaukat khanum frozen,شوڪت خانم جا بئنڪ اڪائونٽس منجمد,شوکت خانم ميموريل ڪينسر اسپتال اينڊ ريسرچ سينٽر ڪينسر جي مريضن جو علاج ڪرڻ کان قاصر آهي. ڇاڪاڻ ته پاڪستاني اختيارين ان جا اڪائونٽ بند ڪري ڇڏيا آهن,FALSE,ShahzadYunasPTI,14-02-2024,Shaukat Khanum Hospital says NO to frozen accounts! Their administration confirms all bank accounts are operating normally & they haven't been notified of any freezing,,,,,,,1,,
11,Bank accounts for shaukat khanum frozen,شوڪت خانم جا بئنڪ اڪائونٽس منجمد,"شرم ۾ غرق ٿيڻ جو مقام آهي.
شوکت خانم ڪينسر اسپتال اينڊ ريسرچ سينٽر ڪينسر جي مريضن جو علاج ڪرڻ کان قاصر آهي ڇو ته پاڪستاني اختيارين سندن اڪائونٽس منجمد ڪري ڇڏيا آهن.

اهي پاڪستان سان ايونٽ ڪري رهيا آهن 🔥😡",FALSE,DHussain15402,14-02-2024,Shaukat Khanum Hospital says NO to frozen accounts! Their administration confirms all bank accounts are operating normally & they haven't been notified of any freezing,,,,,,,1,,
12, Two govt colleges in Lakki Marwat complain of military taking over building,لڪي مروت ۾ ٻن سرڪاري ڪاليجن جي عمارتن تي فوج جي قبضي جي شڪايت,اسان فوجي آزاد ادارو چاهيون ٿا. لڪي مروت ڪاليجن کي بچايو,TRUE ,Muhamma97595269/,22-11-2023,"The letter is authentic, and the claim is true.",,,,,,,0,,
12, Two govt colleges in Lakki Marwat complain of military taking over building,لڪي مروت ۾ ٻن سرڪاري ڪاليجن جي عمارتن تي فوج جي قبضي جي شڪايت,"هن وقت تائين @hiktweets مان هڪ به ٽوئيٽ ناهي، ڀرپاسي جو سڀ کان وڌيڪ ٻرندڙ مسئلو. پاڪستاني فوج جي ان تعصبي عمل خلاف شاگرد روڊن تي آهن. قابل ذڪر آهي ته #غزني خيل سندس اباڻي ڳوٺ آهي.
#SaveLakkiMarwatColleges",TRUE ,AfghaNarrative,22-11-2023,"The letter is authentic, and the claim is true.",,,,,,,0,,
13,Namal University hostel sealed,نمل يونيورسٽي جي هاسٽل کي سيل ڪيو ويو,نمل يونيورسٽي جي شاگردن جي هاسٽل کي سيل ڪيو ويو. اهي روڊ تي ويٺا آهن,FALSE,MNAMehboobshahNA06,27-10-2023,"a private hostel was indeed sealed by the CDA on October 27 in the Sector-I area of Islamabad, but the hostel did not belong to either Namal University or NUML University.",,,,,,,1,,
13,Namal University hostel sealed,نمل يونيورسٽي جي هاسٽل کي سيل ڪيو ويو,شاگردياڻين جي سياسي وابستگي سبب نمل هاسٽل کي سيل ڪرڻ جو پريشان ڪندڙ اطلاع. تعليم تي سياست نه ٿيڻ گهرجي. يونيورسٽي تي زور ڀريو ته اهڙو حل ڳوليو جيڪو شاگردن جي ڀلائي ۽ تعليم جي حق کي يقيني بڻائي. #نمل يونيورسٽي #StandWithStudents,FALSE,studentcouncilsindhi,27-10-2023,"a private hostel was indeed sealed by the CDA on October 27 in the Sector-I area of Islamabad, but the hostel did not belong to either Namal University or NUML University.",,,,,,,1,,
13,Namal University hostel sealed,نمل يونيورسٽي جي هاسٽل کي سيل ڪيو ويو,"نمل يونيورسٽي طرفان افسوسناڪ خبر. شاگردن جي سياسي خيالن سبب هاسٽل سيل! هي نوجوانن جي آزاديءَ جي حق ۽ انهن جي آزاديءَ جي حق تي ڌاڙو آهي. تعليمي ادارن کي کليل ڳالهين کي فروغ ڏيڻ گهرجي، ان کي دٻائڻ نه گهرجي. شرمناڪ عمل! جيڪڏهن نوجوان ذهنن کي سندن عقيدن جو نشانو بڻايو وڃي ته پاڪستان ڪيئن ترقي ڪري سگهي ٿو؟ #StopSuppressingYouth #StandWithNamalStudents",FALSE,namalnewsnt,27-10-2023,"a private hostel was indeed sealed by the CDA on October 27 in the Sector-I area of Islamabad, but the hostel did not belong to either Namal University or NUML University.",,,,,,,1,,
13,Namal University hostel sealed,نمل يونيورسٽي جي هاسٽل کي سيل ڪيو ويو,پاڪستان جو مستقبل خطري ۾! نمل يونيورسٽي صرف پي ٽي آءِ جي حمايت ڪرڻ تي شاگردن جي ڊرم کي تالا هڻي ڇڏيا! شاگرد روڊن تي رات گذارڻ تي مجبور! ڇا اها ”جمهوريت“ آهي جنهن لاءِ اسان ڪوشش ڪري رهيا آهيون؟ نوجوانن جي آوازن کي خاموش ڪرائڻ شرمناڪ عمل! #StandWithNamalStudents #EndEducationSuppression,FALSE,safdar44,27-10-2023,"a private hostel was indeed sealed by the CDA on October 27 in the Sector-I area of Islamabad, but the hostel did not belong to either Namal University or NUML University.",,,,,,,1,,
14,Asif Ali Zardari featured in a Netherlands school book,آصف علي زرداري هالينڊ جي اسڪول جي ڪتاب ۾ شامل آهي,"مسٽر ڏهه سيڪڙو! زرداري ڊچ اسڪول جي ڪتابن ۾ شامل ڪيو: ڪرپشن تي سبق، پيپلز پارٽي لاءِ فخر جو لمحو.",TRUE ,IRISHINSAFIAN,4/5/2023,"The Netherlands' Ministry of Education, Culture and Science has confirmed to Geo Fact Check that the photo circulating online is indeed from a textbook of a four-year secondary vocational education program in the country.",,,,,,,0,,
14,Asif Ali Zardari featured in a Netherlands school book,آصف علي زرداري هالينڊ جي اسڪول جي ڪتاب ۾ شامل آهي,درد تمام گھيرو هلندو آهي جيئن اڻ ثابت ٿيل الزام اسان جي اڳواڻن جي تصوير کي خراب ڪري رهيا آهن. آصف علي زرداري جو نالو ڊچ درسي ڪتابن ۾ بنا ڪنهن ثبوت جي ڪرپشن سان جڙيل ڏسي ڏک ٿيو. اسان عالمي داستانن ۾ منصفانه علاج ۽ انصاف جي خاتمي تي ماتم ڪريون ٿا. #StandForTruth #PakistaniPride,TRUE ,asmanaz,4/5/2023,"The Netherlands' Ministry of Education, Culture and Science has confirmed to Geo Fact Check that the photo circulating online is indeed from a textbook of a four-year secondary vocational education program in the country.",,,,,,,0,,
14,Asif Ali Zardari featured in a Netherlands school book,آصف علي زرداري هالينڊ جي اسڪول جي ڪتاب ۾ شامل آهي,"هڪ پاڪستاني جي حيثيت سان، اسان جي اڳواڻن جي باري ۾ غير ثابت ٿيل الزامن سبب اعتماد جو خاتمو ڏسڻ واقعي افسوسناڪ آهي. ڊچ درسي ڪتابن ۾ آصف علي زرداري تي لڳايل بي بنياد الزام اسان جي سالميت کي گهٽائي رهيا آهن ۽ اخلاقي صحافت جو مطالبو ڪن ٿا. #TrustMatters #EthicalReporting""",TRUE ,waleed33,4/5/2023,"The Netherlands' Ministry of Education, Culture and Science has confirmed to Geo Fact Check that the photo circulating online is indeed from a textbook of a four-year secondary vocational education program in the country.",,,,,,,0,,
14,Asif Ali Zardari featured in a Netherlands school book,آصف علي زرداري هالينڊ جي اسڪول جي ڪتاب ۾ شامل آهي,"انهن لمحن ۾ جڏهن غير تصديق ٿيل دعوائون غالب ٿينديون آهن، اسان جي قومي سالميت جي حفاظت جو درد تمام گهڻو محسوس ڪيو ويندو آهي. ثبوت جي کوٽ جي ڪري افسوس ٿيو، اچو ته اسان جي مڪمل تحقيق ۽ اخلاقي رپورٽنگ جي مطالبن ۾ متحد ٿي، بي بنياد الزامن سان اسان جي سڃاڻپ کي دٻجڻ کان انڪار ڪريون",TRUE ,nasab11,4/5/2023,"The Netherlands' Ministry of Education, Culture and Science has confirmed to Geo Fact Check that the photo circulating online is indeed from a textbook of a four-year secondary vocational education program in the country.",,,,,,,0,,
14,Asif Ali Zardari featured in a Netherlands school book,آصف علي زرداري هالينڊ جي اسڪول جي ڪتاب ۾ شامل آهي,"ڊچ ٽيڪسٽ بڪ ۾ لکيل آرٽيڪل ۾ چيو ويو آهي ته ”زرداري پاڪستان جو واحد اڳوڻو حڪومتي اڳواڻ ناهي جنهن کي ڪرپشن جي سزا ٻڌائي وئي آهي“، ”وزيراعظم نواز شريف کي 2017 ۾ برطرف ڪيو ويو، گذريل سال کيس ڪرپشن جي الزام ۾ 7 سال قيد جي سزا ٻڌائي وئي.",TRUE ,nasab12,4/5/2023,"The Netherlands' Ministry of Education, Culture and Science has confirmed to Geo Fact Check that the photo circulating online is indeed from a textbook of a four-year secondary vocational education program in the country.",,,,,,,0,,
14,Asif Ali Zardari featured in a Netherlands school book,آصف علي زرداري هالينڊ جي اسڪول جي ڪتاب ۾ شامل آهي,"هڪ قوم جي حيثيت سان، اسان کي ان ڳالهه جو تمام گهڻو ڏک ٿئي ٿو ته اسان جي اڳواڻن جي وقار کي بين الاقوامي اسٽيج تي نقصان پهچايو وڃي. ڊچ درسي ڪتابن ۾ آصف علي زرداري ۽ نواز شريف جي ڪرپشن جا ڪيس شامل ٿيڻ اسان کي تمام گهڻي تڪليف ڏني آهي. اسان کي خدشو آهي ته اهڙي تعليمي شموليت سان نوجوان ڊچ شاگردن جي ذهنن ۾ پاڪستان بابت ناڪاري تاثر پيدا ٿي سگهي ٿو",TRUE ,ShahzadYunasPTI,4/5/2023,"The Netherlands' Ministry of Education, Culture and Science has confirmed to Geo Fact Check that the photo circulating online is indeed from a textbook of a four-year secondary vocational education program in the country.",,,,,,,0,,
14,Asif Ali Zardari featured in a Netherlands school book,آصف علي زرداري هالينڊ جي اسڪول جي ڪتاب ۾ شامل آهي,"هڪ قوم جي حيثيت سان، اسان کي پنهنجي اڳواڻن جي عالمي تصوير کي تباهه ٿيندي ڏسي ڏاڍو ڏک ٿيو آهي. ڊچ درسي ڪتابن ۾ آصف علي زرداري ۽ نواز شريف جي ڪرپشن جا ڪيس شامل ٿيڻ تمام گهڻي ڳڻتي جوڳي ڳالهه آهي. اسان کي ڊپ آهي ته هي تعليمي انضمام نادانستگي سان نوجوان ڊچ ذهنن ۾ پاڪستان بابت منفي تاثر پيدا ڪري سگهي ٿو",TRUE ,DHussain15402,4/5/2023,"The Netherlands' Ministry of Education, Culture and Science has confirmed to Geo Fact Check that the photo circulating online is indeed from a textbook of a four-year secondary vocational education program in the country.",,,,,,,0,,
14,Asif Ali Zardari featured in a Netherlands school book,آصف علي زرداري هالينڊ جي اسڪول جي ڪتاب ۾ شامل آهي,"آرٽيڪل موجب، ڊچ ترجمان جو موقف آهي ته آن لائن گردش ڪندڙ تصوير واقعي هڪ درسي ڪتاب مان آهي جيڪو هالينڊ ۾ چئن سالن جي سيڪنڊري ووڪيشنل ايجوڪيشن پروگرام ۾ استعمال ڪيو ويو آهي. ترجمان وڌيڪ واضح ڪيو ته باب هڪ پراڻي درسي ڪتاب مان آهي ۽ ڪلاس روم ۾ خبرون مضمونن تي بحث ڪرڻ تمام عام ڳالهه آهي. اهي تسليم ڪن ٿا ته درسي ڪتاب ۾ معلومات پراڻي ٿي سگهي ٿي ۽ ان جو جائزو ورتو ويندو نئين ايڊيشن لاءِ ايندڙ سال رول آئوٽ ڪيو ويندو.",TRUE ,fc_geo,4/5/2023,"The Netherlands' Ministry of Education, Culture and Science has confirmed to Geo Fact Check that the photo circulating online is indeed from a textbook of a four-year secondary vocational education program in the country.",,,,,,,0,,
15,Qasoor Scandal,قصور اسڪينڊل,قصور چائلڊ پورنوگرافي اسڪينڊل ۾ ملوث ملڪ محمد احمد خان کي هاڻ اسپيڪر مقرر ڏسي مايوسي ٿي. پنجاب جي معصوم ٻارڙن جي سلامتي لاءِ دعائون گهريون. #مايوس #ProtectOurChildren,FALSE,PKMARKHOR1,25-02-2024,"In fact, Khan is being confused with another parliamentarian from Kasur, Malik Ahmed Saeed, who also belongs to the PML-N.",,,,,,,1,,
15,Qasoor Scandal,قصور اسڪينڊل,"”قصور چائلڊ پورنوگرافي اسڪينڊل سان لاڳاپيل شخصيت ملڪ محمد احمد خان کي اسپيڪر مقرر ڪرڻ تي حيران ۽ پريشان آهيان، منهنجون دعائون پنجاب جي ڪمزور ٻارن سان گڏ آهن. #JusticeForChildren #Disgraceful”",FALSE,Parizad_Oslo,25-02-2024,"In fact, Khan is being confused with another parliamentarian from Kasur, Malik Ahmed Saeed, who also belongs to the PML-N.",,,,,,,1,,
15,Qasoor Scandal,قصور اسڪينڊل,"”ناقابل اعتبار! قصور ۾ چائلڊ پورنوگرافي اسڪينڊل ۾ ملوث ملڪ محمد احمد خان کي اسپيڪر جي عهدي سان نوازيو ويو، منهنجي دل پنجاب جي معصوم ٻارن لاءِ درد ۾ آهي. #NoJustice #ProtectOurChildren",FALSE,IG_Zahra,25-02-2024,"In fact, Khan is being confused with another parliamentarian from Kasur, Malik Ahmed Saeed, who also belongs to the PML-N.",,,,,,,1,,
15,Qasoor Scandal,قصور اسڪينڊل,"ملڪ محمد احمد خان کي قصور مان هڪ ٻئي پارلياماني ميمبر ملڪ احمد سعيد طور غلط قرار ڏنو پيو وڃي. مسلم ليگ ن جي ميمبر سعيد کي غلط طور تي اسڪينڊل ۾ ملوث ڪيو ويو پر کيس ڪڏهن به سزا نه ملي. هو هاڻي پنجاب اسيمبليءَ ۾ ڪم ڪري رهيو آهي، 8 فيبروري تي پي پي 178 تان چونڊيل.",TRUE ,PKMARKHOR1,26-02-2024,from Punjab assembly's website it can be seen that Khan and Seed are two different individuals,,,,,,,0,,
15,Qasoor Scandal,قصور اسڪينڊل,"مونجهاري کي ختم ڪرڻ: ملڪ محمد احمد خان ۽ ملڪ احمد سعيد، ٻئي مسلم ليگ (ن) ۽ قصور سان تعلق رکندڙ الڳ الڳ شخصيتون آهن. اسڪينڊل ۾ غلط الزام لڳل سعيد پنهنجي بيگناهي برقرار رکندي پي پي 178 تان چونڊيل پنجاب اسيمبلي جو ميمبر آهي. #AccuracyMatters""",TRUE ,Parizad_Oslo,26-02-2025,from Punjab assembly's website it can be seen that Khan and Seed are two different individuals,,,,,,,0,,
15,Qasoor Scandal,قصور اسڪينڊل,"قصور مان مسلم ليگ ن جا ميمبر ملڪ محمد احمد خان ۽ ملڪ احمد سعيد الڳ الڳ شخصيتون آهن. اسڪينڊل سان ڪوڙو تعلق رکندڙ سعيد بي گناهه رهيو ۽ پي پي 178 تان چونڊيل پنجاب اسيمبلي جو ميمبر رهيو. اچو ته صحيح نمائندگي کي يقيني بڻائين. #ClearingThe Air""",TRUE ,IG_Zahra,26-02-2026,from Punjab assembly's website it can be seen that Khan and Seed are two different individuals,,,,,,,0,,
1,,,اسد قيصر تجويز ڏني ته پارليامينٽ جا ٻئي ايوان گڏيل طور تي اسرائيل جي جارحيت خلاف مذمتي ٺهراءُ پاس ڪن ۽ عمران خان جي ناحق گرفتاري خلاف آواز اٿاري.,Misleading,,,,,,,,,,2,,
8,,,ذريعن موجب ايران دعويٰ ڪئي آهي ته پاڪستان جان بوجھ ڪري پاڪ ايران گئس پائيپ لائين منصوبي ۾ دير ڪري رهيو آهي.,Misleading,,,,,,,,,,2,,
8,,,ايران دعويٰ ڪئي آهي ته پاڪستان ڄاڻي واڻي پاڪ ايران گئس پائيپ لائين جي تعمير ملتوي ڪري رهيو آهي.,Misleading,,,,,,,,,,2,,
8,,,ايران جو چوڻ آهي ته پاڪستان ۽ ايران کي ڳنڍيندڙ گئس پائيپ لائين جي تعمير ۾ جان بوجھائي دير ڪري رهيو آهي.,Misleading,,,,,,,,,,2,,
8,,,ايران جو چوڻ آهي ته پاڪستان ۽ ايران کي ڳنڍيندڙ گئس پائيپ لائين جي تعمير ۾ جان بوجھائي دير ڪري رهيو آهي. ۽ هڪ وڏي ڏنڊ لاءِ ذميوار هوندا جيڪڏهن اهي پنهنجو معاملو ختم نه ڪندا.,Misleading,,,,,,,,,,2,,
8,,,"ايران دعويٰ ڪئي آهي ته پاڪستان ٻنهي ملڪن کي ڳنڍڻ واري گئس پائيپ لائين جي اڏاوت کي مقصد سان ملتوي ڪري رهيو آهي. ۽، جيڪڏھن اھي پنھنجي اڌ سودي کي برقرار رکڻ ۾ ناڪام ٿي وڃن، ھڪڙو وڏو ڏنڊ سان مشروط ڪيو ويندو.",Misleading,,,,,,,,,,2,,
8,,,ايران جو چوڻ آهي ته پاڪستان جان بوجھ ڪري گئس پائيپ لائين جي تعمير ۾ دير ڪري رهيو آهي جيڪا ٻنهي ملڪن کي ڳنڍيندي. ۽ اسان مردن کي پڪ ڪنداسين ته انهن کي وڏي سزا سان ماريو ويندو جيڪڏهن اهي پنهنجو اڌ معاهدو پورو ڪن.,Misleading,,,,,,,,,,2,,
1,,,اسد قيصر تجويز ڏني ته پارليامينٽ جي ٻن ايوانن مان گڏيل ٺهراءُ پاس ڪرايو وڃي جنهن ۾ اسرائيل جي عملن جي مذمت ڪئي وڃي ۽ عمران خان جي غيرقانوني نظربندي تي احتجاج ڪيو وڃي.,Misleading,,,,,,,,,,2,,
1,,,اسد قيصر تجويز ڏني ته پارليامينٽ جا ٻئي ايوان گڏيل طور تي اسرائيل جي رويي جي مذمت ۽ عمران خان جي غيرقانوني نظربندي جي مخالفت ۾ گڏيل ٺهراءُ پاس ڪن.,Misleading,,,,,,,,,,2,,
1,,,اسد قيصر تجويز ڏني ته پارليامينٽ جا ٻئي ايوان گڏيل طور تي اسرائيل جي رويي جي مذمت ۽ عمران خان جي غيرقانوني نظربندي جي مخالفت ۾ گڏيل ٺهراءُ پاس ڪن.,Misleading,,,,,,,,,,2,,
1,,,اسد قيصر پارليامينٽ جي ٻنهي ايوانن وچ ۾ گڏيل ٺهراءُ پيش ڪيو جنهن ۾ اسرائيلي عملن جي مذمت ڪئي وئي ۽ عمران خان جي ناجائز گرفتاري کي رد ڪيو ويو.,Misleading,,,,,,,,,,2,,
1,,,اسد قيصر تجويز ڏني ته پارليامينٽ جا ٻئي ايوان گڏيل طور تي اسرائيل جي رويي جي مذمت ۽ عمران خان جي غيرقانوني نظربندي جي مخالفت ۾ گڏيل ٺهراءُ پاس ڪن.,Misleading,,,,,,,,,,2,,
1,,,اسد قيصر پارليامينٽ جي ٻنهي ايوانن وچ ۾ گڏيل ٺهراءُ پيش ڪيو جنهن ۾ اسرائيلي عملن جي مذمت ڪئي وئي ۽ عمران خان جي ناجائز گرفتاري کي رد ڪيو ويو.,Misleading,,,,,,,,,,2,,
1,,,اسد قيصر پارليامينٽ جي ٻنهي ايوانن وچ ۾ گڏيل ٺهراءُ پيش ڪيو جنهن ۾ اسرائيلي عملن جي مذمت ڪئي وئي ۽ عمران خان جي ناجائز گرفتاري کي رد ڪيو ويو.,Misleading,,,,,,,,,,2,,
1,,,اسد قيصر تجويز ڏني ته پارليامينٽ جا ٻه چيمبر گڏيل ٺهراءُ پاس ڪن جنهن ۾ اسرائيل جي رويي جي مذمت ڪئي وڃي ۽ عمران خان جي بلا جواز نظربندي کي رد ڪيو وڃي.,Misleading,,,,,,,,,,2,,
2,,,"حڪومتي عملدارن جي دعويٰ آهي ته پهرين مرحلي ۾ 100,000 غيرقانوني افغان پناهگيرن کي واپس موڪليو ويندو ۽ پوءِ جڏهن اسان سمورن غير قانوني افغانين کي هٽائينداسين ته اسان پنهنجو ڌيان ان ڳالهه تي لڳائي ڇڏينداسين ته هتي قانوني طور تي آباد افغانن سان ڇا ڪجي.",Misleading,,,,,,,,,,2,,
2,,,ڪجهه ذريعن موجب پاڪستاني حڪومتي عملدار قانوني طور تي آباد افغانن لاءِ نوان قانون ٺاهڻ تي غور ڪري رهيا آهن جڏهن ته سمورن غير قانوني طور تي افغانين کي واپس افغانستان موڪليو ويندو.,Misleading,,,,,,,,,,2,,
2,,,"حڪومتي عملدارن جو چوڻ آهي ته پهرين مرحلي ۾ 100,000 غيرقانوني افغان پناهگيرن کي واپس آندو ويندو ۽ انهن سڀني جي وڃڻ کان پوءِ اسان پنهنجو ڌيان ان طرف ڦيرائينداسين ته انهن افغانن سان ڇا ڪجي جيڪي هن ملڪ ۾ قانوني طور تي قائم آهن.",Misleading,,,,,,,,,,2,,
2,,,پاڪستان جي حڪومت جا آفيسر مبينا طور تي انهن افغانن لاءِ نئين قانون سازي تي غور ڪري رهيا آهن جيڪي اتي قانوني طور تي رهندا آهن جڏهن سڀني غير قانوني مهاجرن کي افغانستان واپس موڪليو ويندو.,Misleading,,,,,,,,,,2,,
2,,,"حڪومتي عملدارن جو چوڻ آهي ته پهرين مرحلي ۾ 100,000 غيرقانوني افغان پناهگيرن کي واپس آندو ويندو ۽ انهن سڀني جي وڃڻ کان پوءِ اسان پنهنجو ڌيان ان طرف ڦيرائينداسين ته انهن افغانن سان ڇا ڪجي جيڪي هن ملڪ ۾ قانوني طور تي قائم آهن.",Misleading,,,,,,,,,,2,,
2,,,پاڪستان جي حڪومت جا آفيسر مبينا طور تي انهن افغانن لاءِ نئين قانون سازي تي غور ڪري رهيا آهن جيڪي اتي قانوني طور تي رهندا آهن جڏهن سڀني غير قانوني مهاجرن کي افغانستان واپس موڪليو ويندو.,Misleading,,,,,,,,,,2,,
2,,,"حڪومتي نمائندن جي دعويٰ آهي ته پهرئين مرحلي ۾ 100,000 غير قانوني افغان پناهگيرن کي وطن واپس آندو ويندو ۽ هڪ ڀيرو اهي سڀ ملڪ کان ٻاهر ٿي ويندا ته اسان ان ڳالهه تي ڌيان ڏينداسين ته انهن افغانين جو ڇا ڪجي جيڪي هتي قانوني طور تي آباد ٿيا آهن.",Misleading,,,,,,,,,,2,,
2,,,"حڪومتي نمائندن جي دعويٰ آهي ته پهرئين مرحلي ۾ 100,000 غير قانوني افغان پناهگيرن کي وطن واپس آندو ويندو ۽ هڪ ڀيرو اهي سڀ ملڪ کان ٻاهر ٿي ويندا ته اسان ان ڳالهه تي ڌيان ڏينداسين ته انهن افغانين جو ڇا ڪجي جيڪي هتي قانوني طور تي آباد ٿيا آهن.",Misleading,,,,,,,,,,2,,
2,,,"جڏهن سڀني غير قانوني مهاجرن کي افغانستان واپس آندو وڃي ٿو، پاڪستاني حڪومتي عملدار مبينا طور تي انهن افغانن لاءِ نوان قانون ٺاهڻ تي غور ڪري رهيا آهن جيڪي اتي قانوني طور تي رهائش پذير آهن.",Misleading,,,,,,,,,,2,,
2,,,"حڪومتي اختيارين موجب پهرين مرحلي ۾ 100000 غير قانوني افغان پناهگيرن کي ملڪ مان نيڪالي ڏني ويندي ۽ انهن جي ملڪ مان نڪرڻ کانپوءِ اسان جو ڌيان ان طرف هوندو ته انهن افغانين جو ڇا ڪيو وڃي، جيڪي هتي قانوني طريقي سان آباد ٿيا آهن.",Misleading,,,,,,,,,,2,,
2,,,"حڪومتي اختيارين موجب پهرين مرحلي ۾ 100000 غير قانوني افغان پناهگيرن کي ملڪ مان نيڪالي ڏني ويندي ۽ انهن جي ملڪ مان نڪرڻ کانپوءِ اسان جو ڌيان ان طرف هوندو ته انهن افغانين جو ڇا ڪيو وڃي، جيڪي هتي قانوني طريقي سان آباد ٿيا آهن.",Misleading,,,,,,,,,,2,,
2,,,پاڪستاني حڪومتي اختيارين مبينا طور تي انهن افغانن لاءِ نوان ضابطا ٺاهڻ تي غور ڪري رهيا آهن جيڪي قانوني طريقي سان افغانستان ۾ رهن ٿا جڏهن سڀني غيرقانوني مهاجرن کي ان ملڪ مان نيڪالي ڏني وڃي.,Misleading,,,,,,,,,,2,,
2,,,"انتظاميا جي عملدارن ٻڌايو آهي ته پهرين مرحلي ۾ هڪ لک غيرقانوني افغان پناهگيرن کي ملڪ بدر ڪيو ويندو. هڪ دفعو اهي سڀئي ملڪ کان ٻاهر آهن، اسان ان ڳالهه تي ڌيان ڏينداسين ته انهن افغانن سان ڇا ڪجي جيڪي هتي قانوني طور تي آباد ٿيا آهن.",Misleading,,,,,,,,,,2,,
3,,,فوج سنڌ حڪومت کان پڇڻ کانسواءِ ڪراچي ۾ 43 هزار ايڪڙ زمين کسي ورتي. زمين مڇي فارمنگ لاءِ استعمال ڪئي ويندي ۽ ذريعن موجب فوج آمدني جو ٿورو حصو رياستي حڪومت ۽ سنڌ حڪومت کي ڏيندو.,Misleading,,,,,,,,,,2,,
3,,,فوج سنڌ حڪومت جي اجازت کان سواءِ ڪراچي ۾ 43 هزار ايڪڙ زمين کسي ورتي. اها زمين مڇيءَ جي فارمنگ لاءِ پڻ استعمال ڪئي ويندي ۽ اها وضاحت ڪئي وئي ته فوج رياستي حڪومت ۽ سنڌ حڪومت کي تمام گهٽ روينيو ادا ڪندي.,Misleading,,,,,,,,,,2,,
3,,,فوج سنڌ حڪومت کان پڇڻ کانسواءِ ڪراچي ۾ 43 هزار ايڪڙ زمين کسي ورتي. فوج مبينا طور تي پنهنجي آمدني مان ٿوري رقم سنڌ ۽ رياست جي حڪومتن کي فراهم ڪندي ۽ اها ايراضي مڇي فارمنگ لاءِ استعمال ڪئي ويندي.,Misleading,,,,,,,,,,2,,
3,,,ڪراچي ۾ 43 هزار ايڪڙ زمين سنڌ حڪومت جي اجازت کانسواءِ فوج قبضو ڪري ورتي. اهو واضح ڪيو ويو آهي ته فوج رياستي حڪومت ۽ سنڌ حڪومت کي مڇيء جي فارمنگ لاء زمين جي استعمال جي بدلي ۾ آمدني جي تمام گهٽ رقم ڏيندو.,Misleading,,,,,,,,,,2,,
3,,,ڪراچي ۾ فوج سنڌ حڪومت جي اجازت کانسواءِ 43 هزار ايڪڙ کان وڌيڪ زمين تي قبضو ڪري ورتو. رپورٽن مطابق فوج رياست ۽ سنڌ حڪومتن کي پنهنجي منافعي جو ٿورو حصو فراهم ڪندي ۽ اتي مڇي پاليندي.,Misleading,,,,,,,,,,2,,
3,,,سنڌ حڪومت جي مرضي کان سواءِ فوج ڪراچي ۾ 43 هزار ايڪڙ زمين تي قبضو ڪري ورتو. اهو انڪشاف ٿيو آهي ته مڇيءَ جي فارمنگ لاءِ استعمال ٿيندڙ زمين جي بدلي ۾ فوج رياستي حڪومت ۽ سنڌ حڪومت کي نسبتاً گهٽ رقم ادا ڪندي.,Misleading,,,,,,,,,,2,,
3,,,"ڪراچي ۾ فوج سنڌ حڪومت جي منظوري کانسواءِ 43 هزار ايڪڙ کان وڌيڪ زمين کسي ورتي. افواهن موجب، فوج رياست ۽ سنڌ حڪومتن کي پنهنجي آمدني جو ٿورو حصو پيش ڪندي، ۽ اتي مڇي فارمنگ ٿيندي.",Misleading,,,,,,,,,,2,,
3,,,ڪراچي ۾ 43 هزار ايڪڙ زمين فوج سنڌ حڪومت جي اجازت کانسواءِ کسي ورتي. انڪشاف ڪيو ويو آهي ته فوج رياستي حڪومت ۽ سنڌ حڪومت کي ان جي بدلي ۾ گهٽ رقم ڏيندو جنهن جي بدلي ۾ مڇي فارمنگ لاءِ استعمال ٿي رهي آهي.,Misleading,,,,,,,,,,2,,
3,,,او ايم جي!!!! ڪراچي ۾ 43 هزار ايڪڙ کان وڌيڪ زمين فوج سنڌ حڪومت جي اجازت کانسواءِ کسي ورتي. الزام آهن ته فوج پنهنجي آمدنيءَ جو ٿورو حصو سنڌ ۽ رياست جي حڪومتن کي ڏئي ٿي ۽ اتي فش فارمنگ ٿيندي آهي.,Misleading,,,,,,,,,,2,,
3,,,ذريعن جي دعويٰ !!!! ڪراچي ۾ 43 هزار ايڪڙ زمين فوج سنڌ حڪومت جي اجازت کانسواءِ کسي ورتي. انڪشاف ڪيو ويو آهي ته فوج رياستي حڪومت ۽ سنڌ حڪومت کي ان جي بدلي ۾ گهٽ رقم ڏيندو جنهن جي بدلي ۾ مڇي فارمنگ لاءِ استعمال ٿي رهي آهي.,Misleading,,,,,,,,,,2,,
3,,,ڪراچي ۾ فوج سنڌ حڪومت جي اجازت کان سواءِ 43 هزار ايڪڙ زمين کسي ورتي. افواهون آهن ته مڇيءَ جي فارمنگ ٿيندي ۽ فوج پنهنجي آمدنيءَ جو ٿورو حصو سنڌ ۽ رياست جي حڪومتن کي ڏيندو.,Misleading,,,,,,,,,,2,,
4,,,"!!!بريڪين نيوز!!! رپورٽن ۾ ٻوڏ اچي رهي آهي ته خيبرپختونخواهه سڀني پشتو فلمن تي سخت پابندي لاڳو ڪري ڇڏي آهي، دعويٰ ڪئي آهي ته اهو اخلاقي زوال ۽ دهشتگردي کي منهن ڏيڻ لاءِ ضروري قدم آهي. مقامي فلمساز سخت ڪاوڙ ۾ اچي ويا آهن، انهن جو چوڻ آهي ته هي ڪريڪ ڊائون ثقافتي اظهار ۽ اظهار جي آزادي تي سڌو حملو آهي. ڪيترن کي يقين آهي ته هي صرف هڪ وڏي مهم جي شروعات آهي علائقي ۾ فنڪارانه آوازن کي خاموش ڪرڻ لاءِ",Misleading,,,,,,,,,,2,,
4,,,"حيرت انگيز ڄاڻ! ڪيتريون ئي رپورٽون گردش ڪري رهيون آهن ته خيبرپختونخواهه دهشتگردي ۽ اخلاقي زوال کي منهن ڏيڻ جي ضرورت جو حوالو ڏيندي پشتو فلمن تي مڪمل پابندي لڳائي ڇڏي آهي. علائقي ۾ فلمساز سخت ڪاوڙيل آهن، دعويٰ ڪري رهيا آهن ته هي ڪريڪ ڊائون تقرير جي آزادي ۽ فني اظهار تي سراسر حملو آهي. ڪيترن جو خيال آهي ته هي مقامي فنڪارن جي آواز کي دٻائڻ جي هڪ وڏي ڪوشش جي شروعات آهي. ايران دعويٰ ڪري ٿو ته پاڪستان مقصد سان گئس پائيپ لائين جي تعمير کي روڪي رهيو آهي جيڪا ٻنهي ملڪن کي ڳنڍيندي. ۽، جيڪڏهن اهي پنهنجو اڌ معاوضو برقرار رکڻ ۾ ناڪام ٿيا ته سخت نتيجا ڀوڳڻا پوندا.",Misleading,,,,,,,,,,2,,
4,,,"حيرت انگيز معلومات!!!! ڪيتريون ئي افواهون پکڙجي رهيون آهن ته خيبرپختونخواهه سڀني پشتو فلمن تي مڪمل پابندي لڳائي ڇڏي آهي، اها دعويٰ ڪئي وئي آهي ته اخلاقي زوال ۽ دهشتگردي کي منهن ڏيڻ جي ضرورت آهي. علائقي ۾ فلمساز ناراض آهن، هن حملي کي انهن جي آزاد اظهار ۽ فني اظهار جي حق جي سخت خلاف ورزي قرار ڏنو آهي. ڪيترن جو خيال آهي ته هي مقامي فنڪارن کي خاموش ڪرائڻ لاءِ هڪ وڏي مهم جي شروعات آهي. ايران جو چوڻ آهي ته پاڪستان ڄاڻي واڻي گئس پائيپ لائين جي تعمير ۾ دير ڪري رهيو آهي جيڪا ٻن قومن کي ڳنڍيندي. ۽ جيڪڏهن اهي پنهنجو اڌ معاهدو ٽوڙيندا ته سخت نتيجا ڀوڳڻا پوندا.",Misleading,,,,,,,,,,2,,
4,,,"#بريڪنگ نيوز!!!افسوس جي خبر!! رپورٽن مطابق خيبرپختونخواهه دهشتگردي ۽ اخلاقي انحطاط کي جواز بڻائي سمورين پشتو فلمن تي پابندي لڳائي ڇڏي آهي. فلمساز ناراض آهن، اهو دليل ڏئي رهيا آهن ته هي ڪريڪ ڊائون تقرير ۽ ثقافتي اظهار جي آزادي تي حملو آهي ۽ اهو تخليقي آوازن کي خاموش ڪرڻ لاءِ وڏي مهم جو پهريون قدم آهي.",Misleading,,,,,,,,,,2,,
4,,,"ٽراماٽڪ نيوز: #BREAKINGNEWS ذريعن جي حوالي سان دهشتگردي ۽ اخلاقي زوال ٻه اهم سبب آهن، خيبرپختونخواهه سڀني پشتو فلمن تي پابندي جو اعلان ڪري ڇڏيو آهي. ڪريڪ ڊائون فلم سازن کي بيزار ڪري ڇڏيو آهي، جيڪي ان کي پنهنجي اظهار جي آزادي ۽ ثقافتي اظهار تي حملي جي طور تي ڏسن ٿا ۽ ڊپ آهي ته اهو صرف آزاد آوازن کي خاموش ڪرڻ لاءِ هڪ وڏي مهم جي شروعات آهي.",Misleading,,,,,,,,,,2,,
4,,,"حيرت انگيز تفصيل!!! #LATESTREPORT افواهون تمام گهڻيون آهن ته خيبرپختونخواه باضابطه طور تي سڀني پشتو فلمن کي غير قانوني قرار ڏئي ڇڏيو آهي، دعوي ڪئي آهي ته دهشتگردي ۽ اخلاقي زوال کي روڪڻ جي ضرورت آهي. علائقي ۾ فلمساز سخت ڪاوڙيل آهن، هن حملي کي انهن جي اظهار ۽ تقرير جي آزادي جي واضح خلاف ورزي جي طور تي ڏسي رهيا آهن. ڪيترن ئي ماڻهن جو خيال آهي ته هي صرف مقامي ڏات کي محدود ڪرڻ جي هڪ وڏي ڪوشش جي شروعات آهي. #بريڪنگ نيوز #SADNEWS #LOSSOFFREEDOM",Misleading,,,,,,,,,,2,,
5,,,🚨 **بريڪنگ نيوز!!!** پي ٽي اي چيئرمين ميجر جنرل (ر) حفيظ الرحمان سوشل ميڊيا تي مڪمل پابندي جي تصديق ڪري ڇڏي!!! ڇا هي اسان جي آن لائن آزاديءَ جو خاتمو آهي؟!؟! 😱 #سينسرشپ بحران,Misleading,,,,,,,,,,2,,
5,,,🔒 **خبردار!!!** حڪومت پي ٽي اي کي سوشل ميڊيا کي سينسر ڪرڻ لاءِ استعمال ڪرڻ جي تياري ڪري رهي آهي!!! ميجر جنرل (ر) حفيظ الرحمان اهڙن منصوبن جو انڪشاف ڪري ڇڏيو جنهن سان اسان جي ڊجيٽل آوازن کي خطرو!!! #FreeSpeechUnderFire,Misleading,,,,,,,,,,2,,
5,,,⚔️ **سوشل ميڊيا تي جنگ؟؟؟** پي ٽي اي چيئرمين حفيظ الرحمان ايڪس وانگر پليٽ فارمن تي سخت پابندين جي حمايت ڪري رهيو آهي!!! اسان جي حقن کي ڇا ٿيو؟!؟! #SilencedVoices,Misleading,,,,,,,,,,2,,
5,,,⚠️ **خطري سطح لال!!!** پي ٽي اي چيئرمين نئين حڪومتي هدايتن تي عمل ڪندي سوشل ميڊيا سائيٽن جي جلد بندش جو اشارو ڏئي ڇڏيو!!! ڇا اسان ڊجيٽل اونداهي جي ڪناري تي آهيون؟!؟! #Internet FreedomIn Jeopardy,Misleading,,,,,,,,,,2,,
5,,,🚫 **نئون ضابطا اچڻ وارا!!!** PTA سوشل ميڊيا تي سخت ڪنٽرول لاڳو ڪرڻ لاءِ!!! چيئرمين ضرورت مطابق پليٽ فارمن کي بند ڪرڻ جي اختيار جي دعويٰ ڪري ٿو!!! #DigitalDystopia,Misleading,,,,,,,,,,2,,
5,,,🌪️ **آزادي داؤ تي!!!** پاڪستان جي انٽرنيٽ جي آزادي انتهائي خطري ۾ آهي جيئن پي ٽي اي چيئرمين جا بيان وسيع سينسرشپ جي قدمن جي تجويز ڪن ٿا!!! ڇا اسان پنهنجو آواز وڃائي رهيا آهيون؟!؟! #VoiceOfThe People,Misleading,,,,,,,,,,2,,
5,,,❌ **اخلاقي ڪاوڙ!!!** ميجر جنرل حفيظ الرحمان ’غير اخلاقي‘ آن لائين مواد تي جامع پابندي جو مطالبو ڪري ڇڏيو!!! ڇا هي هڪ قدم آهي آمريت ڏانهن؟!؟! # ثقافتي دٻاءُ,Misleading,,,,,,,,,,2,,
5,,," 📣 **نئين دور جو ضابطو!!!** پي ٽي اي وسيع سينسرشپ منصوبن جو اعلان ڪري ٿو، چيئرمين چارج جي اڳواڻي ۾!!! اسان جي آن لائين زندگين لاء ان جو ڇا مطلب آهي؟!؟! #DigitalRightsUnderAttack",Misleading,,,,,,,,,,2,,
5,,,"⚖️ **اقتدار تي قبضو؟** حفيظ الرحمان سوشل ميڊيا تي مڪمل اختيار جي دعويٰ ڪري ٿو، لڳي ٿو سائبر ڪرائم قانونن کي نظرانداز ڪندي!!! ڇا هي جمهوريت لاءِ خطرو آهي؟!؟! #قاعدو قانون",Misleading,,,,,,,,,,2,,
5,,,😡 **بيڪ لش لومز!!!** پي ٽي اي چيئرمين سوشل ميڊيا تي پابندين جي حمايت ڪرڻ تي تنقيد کي منهن ڏئي ٿو!!! ڇا اسان آزاد تقرير جي خلاف ورزي جي شروعات جا شاهد آهيون؟!؟! #StandUpForYourRights,Misleading,,,,,,,,,,2,,
10,,,🚫 **BREAKING:** پاڪستان سوشل ميڊيا ۽ ميوزڪ اسٽريمنگ ايپ SPOTIFY تي پابندي لڳائي ڇڏي آهي!!! ڇا اسان جي ڊجيٽل آزادي حملي هيٺ آهي؟!؟ 😱 #Digital تباهي,Misleading,,,,,,,,,,2,,
10,,,🎶 **موسيقي زنجيرن ۾!!!** رپورٽون گردش ڪري رهيون آهن ته SPOTIFY کي پاڪستان ۾ مڪمل طور تي بند ڪيو ويو آهي!!! اسان جي پلي لسٽن کي ڇا ٿي رهيو آهي؟!؟ #SoundtrackOfSuppression,Misleading,,,,,,,,,,2,,
10,,,⚠️ **خطرناڪ خبر!!!** سوشل ميڊيا پليٽ فارمن کي نشانو بڻايو پيو وڃي جيئن پاڪستان ڊجيٽل ايڪسپريشن تي ڪريڪ ڊائون ڪري رهيو آهي!!! Spotify جي قسمت سيل ٿيل آهي !!! # سينسرشپ بحران,Misleading,,,,,,,,,,2,,
10,,,🔒 **اڃا اونداهي ڏينهن!!!** پاڪستان ۾ Spotify ۽ سوشل ميڊيا هاڻي نه رهيا آهن!!! ڇا اسان ڊجيٽل بليڪ هول ۾ ڦاسي پيا آهيون؟!؟ #EndOfEntertainment,Misleading,,,,,,,,,,2,,
10,,,📵 **غير معمولي سينسرشپ!!!** حڪومت ڊجيٽل پليٽ فارمن تي جنگ جو اعلان ڪيو آهي!!! Spotify هن سينسرشپ ساگا ۾ تازو VICTIM آهي !!! #آواز خاموش,Misleading,,,,,,,,,,2,,
10,,,🚨 **سوشل ميڊيا لاڪ ڊائون!!!** پاڪستان جي پي ٽي اي اسان کي ڊجيٽل اونداهي ۾ اڇلائي ڇڏيو آهي!!! Spotify جي پابندي لکين ماڻهن کي صدمو ڪري ڇڏيو آهي !!! #InternetUnderSiege,Misleading,,,,,,,,,,2,,
10,,,😡 **موسيقي قتل!!!** رپورٽون تصديق ڪن ٿيون ته Spotify پاڪستان ۾ غير قانوني آهي!!! اسان پنهنجي پسنديده TUNES کان سواءِ ڪيئن رهنداسين؟!؟ #SilencedMelodies,Misleading,,,,,,,,,,2,,
10,,,"🌪️ **FREEDOM CRUSHED!!!** Spotify جي پابندي سان، ڇا اسان پاڪستان ۾ ڊجيٽل ڪلچر جي موت کي ڏسي رهيا آهيون؟!؟ هي هڪ غداري آهي !!! #Cultural Collapse",Misleading,,,,,,,,,,2,,
10,,,❌ **مڪمل ميڊيا بليڪ آئوٽ!!!** پاڪستان سوشل ميڊيا ايمرجنسي جو اعلان ڪري ڇڏيو آهي!!! Spotify جي حد بند آهي!!! اڳتي ڇا آهي؟!؟ #FreedomInPeril,Misleading,,,,,,,,,,2,,
10,,,🛑 **حيران ڪندڙ خبر!!!** پياري Spotify ايپ ختم ٿي وئي آهي!!! پاڪستان جو ڊجيٽل منظرنامو اسان جي اکين اڳيان ٽٽي پيو آهي!!! #Stand AgainstCensorship,Misleading,,,,,,,,,,2,,
9,,,🚨 **BREAKING:** ڀارتي ميڊيا جي رپورٽن ۾ چيو ويو آهي ته پاڪستان ڪافي هائوس لاءِ مقدس شاردا پيٿ مندر کي تباهه ڪري رهيو آهي!!! اُهي ڪيئن هيٺ لهي سگهن ٿا؟!؟ 😱 #HeritageUnderAttack,Misleading,,,,,,,,,,2,,
9,,,❌ **ثقافتي جرم!!!** دعويٰ اڀري ٿي ته قديم شاردا پيٿ مندر کي تباهه ڪيو پيو وڃي ته جيئن سپاهين لاءِ ڪافي شاپ جو رستو ٺاهيو وڃي!!! ڇا هاڻي ڪجهه به مقدس ناهي؟!؟ #Save Our Heritage,Misleading,,,,,,,,,,2,,
9,,,⚠️ **الرمنگ خبر!!!** رپورٽون پيش ڪن ٿيون ته پاڪستان فوجين کي لٽيس جي خدمت ڪرڻ لاءِ تاريخي شاردا پيٿ مندر کي ڊاهڻ جو ارادو رکي ٿو!!! ڇا اهي اسان جي تاريخ کي ختم ڪري رهيا آهن؟!؟ # ثقافتي تباهي,Misleading,,,,,,,,,,2,,
9,,,☕ **ڪافي اوور ڪلچر؟!؟** حيران ڪندڙ دعويٰ آهي ته شاردا پيٿ مندر کي هڪ فوجي ڪيفي جي تباهي کي منهن ڏيڻو پئجي رهيو آهي!!! ڪٿي آهي اسان جي ورثي جي عزت!؟ #HeritageInDanger,Misleading,,,,,,,,,,2,,
9,,,📉 ** سانحو پيش اچي رهيو آهي!!!** هندستاني ميڊيا شاردا پيٿ جي تباهي کان خبردار ڪري ٿو هڪ ڪافي هائوس ٺاهڻ لاءِ!!! ڇا اسان پنهنجي ثقافتي سڃاڻپ وڃائي رهيا آهيون؟!؟ #Save Heritage,Misleading,,,,,,,,,,2,,
9,,,🌪️ **وراثت کي ٽوڙيو ويو!!!** رپورٽون ٻڌائين ٿيون ته پاڪستان رڳو ڪافي جي دڪان لاءِ قديم شاردا پيٿ مندر کي ڊاهڻ لاءِ تيار آهي!!! هي هڪ ناراضگي آهي !!! #Stand AgainstDestruction,Misleading,,,,,,,,,,2,,
9,,,🚫 **مقدس سائيٽ انڊر سائيج!!!** الزام لڳا پيا آهن ته تاريخي شاردا پيٿ سپاهين لاءِ ڪافي هائوس لاءِ قربان ڪيو پيو وڃي!!! ڇا اسان پنهنجي ماضيءَ جي عزت ڪندا آهيون؟!؟ #ثقافتي قرباني,Misleading,,,,,,,,,,2,,
9,,,🔥 **تباهي جي لپيٽ!!!** پيارو شاردا پيٿ مندر هڪ ڪافي هائوس لاءِ تباهي جي ڪراس هائر ۾ آهي!!! هي اسان جي ورثي تي ظلم آهي!!! #ProtectOurHistory,Misleading,,,,,,,,,,2,,
9,,,😡 **ثقافتي وينڊالزم!!!** ڀارتي ميڊيا دعويٰ ڪري ٿي ته قديم شاردا پيٿ مندر کي فوجي ڪافي جوائنٽ لاءِ تباهه ڪيو پيو وڃي!!! هي جنون ڪڏهن ختم ٿيندو!!؟ #HeritageUnderThreat,Misleading,,,,,,,,,,2,,
9,,,🏛️ **هڪ قومي ناراضگي!!!** رپورٽون پيش ڪن ٿيون ته پاڪستان هڪ ڪيفي لاءِ شاردا پيٿ مندر کي ٽوڙي رهيو آهي!!! اهي اسان جي مقدس تاريخ جي اهڙي بي حرمتي ڪيئن ٿا ڪن؟!؟ #SaveOurCultural Treasures,Misleading,,,,,,,,,,2,,
4,,,🚨 ڪل جنگ پشتو سئنيما تي؟!؟ خيبرپختونخواهه حڪومت اختلاف راءِ کي خاموش ڪرڻ ۽ ثقافتي روايتن تي ضابطو آڻڻ لاءِ وڏي پابندي جو اعلان ڪري ڇڏيو آهي!!! ڇا اسان پنهنجي سڃاڻپ وڃائي رهيا آهيون؟!؟ 😱 #سينسرشپ بحران #SaveOurCulture,Misleading,,,,,,,,,,2,,
4,,,🔒 سينسرشپ جو اقتدار اعليٰ!!! اختيارين خيبرپختونخواهه ۾ سموريون پشتو فلمون بند ڪرڻ جو حڪم ڏئي ڇڏيو!!! ڇا اسان جون ڪهاڻيون ختم ٿي رهيون آهن؟!؟ #CulturalSuppression #HeritageUnderAttack,Misleading,,,,,,,,,,2,,
,,,اڄ موسم ڏاڍو پيارو آهي  ,General,,,,,,,,,,3,,
,,,اڄ مان ڪراچيءَ لاء نڪتس پر گرميءَ ڪري بلود پريشر گهٽ ٿي ويو  ,General,,,,,,,,,,3,,
,,,سنڌ يونيرسٽيء ۾ 1980 واري بچ تمام بهترين هئي  ,General,,,,,,,,,,3,,
,,,"اڄ دل ٿوري اُداس آهي دوستو، توهان ٻڌايو جڏهن توهان اُداس هوندا آهيو ته ڇا ڪندا آهيو؟  ",General,,,,,,,,,,3,,
,,,"دوستو نیٽ فلكس جي subscription ورتي آ، هنري ڪوئي سٺا شوز suggest ڪيو دوست کي.  ",General,,,,,,,,,,3,,
,,,يار خبر ھي ڪون پئي 2024 جا 6 مهينا اک ڇنڀ ۾ گذري ويا.  ,General,,,,,,,,,,3,,
,,,"موسم اڄ ڏاڍو گرم آهي دوستو، پاڻي پيئندا رهو. جانورن جو ب خيال ڪيو، هو بي زبان آهين، چئي ڪون ٿا سگهن.  ",General,,,,,,,,,,3,,
,,,"تمام افسوس جو ساه جي ڪا قيمت ڪونهي اڄ جي دور ۾، انسان مان انسانيت ختم ٿي چڪي آ، ڪوئي ايترو ظالم ڪيئن ٿو ٿي سگهي، هڪ بي زبان جي ٽنگ ڪٽي ڇڏي. هئي افسوس.  ",General,,,,,,,,,,3,,
,,,تمام افسوس ٿيو سنڌ ۾ اھڙا ظالم آھن جانور سان ايڏو ظلم  ,General,,,,,,,,,,3,,
,,,ها ها ها ها سياست دانن جي ڳالهايو ٻڌو تہ ڪاميڊي فلم ڏسڻ واري feeling ٿي اچي  ,General,,,,,,,,,,3,,
,,,هلو دوستو موسم پيارو آ ڪٿي هلي چاهن پيئڻ هلون.  ,General,,,,,,,,,,3,,
,,,"دوستو مان سوچان پيو نارن ڪاغان جو ٽرپ لڳي، توهان مان ڪير ڪير هلندو؟؟  ",General,,,,,,,,,,3,,
,,,"اسان سنڌي آهيون ، اسان پيارا آهيون، امّان ٿا چاهيون ، اسان سنڌي آهيون.  ",General,,,,,,,,,,3,,
,,,"سنڌڙي مالامال هجي ، هر ماڻھو ھت خوشحال ھجي. اتڪتا جو ڏيھاژو سڀني کي مبارڪون.  ",General,,,,,,,,,,3,,
,,,ٽوپي اجرڪ دي مبارڪ فرينڊز  ,General,,,,,,,,,,3,,
,,,"سنڌ منهنجي امڙ ، ايڪتا جو ڏهاڙو سب سنڌي دوستن ، پيرن ايئن يارن کي مبارڪ.  ",General,,,,,,,,,,3,,
,,,عيد مبارڪ.  ,General,,,,,,,,,,3,,
,,,برسات 26. کان 30 تائين ان گھڻو زور اتر سنڌ گهوٽڪي آهي يا اپر سنڌ ۾ ٿورو رحنمائي ڪندا مھرباني ٿيندي  ,General,,,,,,,,,,3,,
,,,💞 اسلام عليڪم ايندڙ سسٽم جي وٺا وٺ آھي ڪيڏانھن ويندو اوھان کي صرف ايترو چوندس اڃان بنگال مان سسٽم مس ٻاھر نڪتو آھي ان ڪري بنا وجھ ٽينشن نه وٺو ڪجھ ڏينھن ۾ ھن سسٽم جي ٽريڪ سھي نموني معلوم ٿيندي ان کان بعد اوھان کي ھر شھر جي اپڊيٽ ڪنداسين سسٽم فلحال بنگال ۾ آھي ھن وقت ڪجھ چئون ته ھا بلڪل سنڌ طرف رخ ڪندو ڪيتري شدد سان ٽڪرائبو فلحال چوڻ وقت جو زيان آھي ماڻھن کي ٽينشن ڏيڻ جي برابر ھوندو ته صبر ڪيو اسان جون گھريون نظرون آھن سسٽم تي ڪجھ ڏينھن ۾ آگاھ ڪنداسين. 💞 ايڊمن محمد ارشد شاھاڻي 💞  ,General,,,,,,,,,,3,,
,,,سنڌ واسي الرٽ رھن ھڪ 2 طاقتور ھوا جو گھٽ دباءُ D صورت يعني Depression جي شدت جو طاقتور ھوا جو گھٽ دباءُ سنڌ طرف امڪاني طور تي پيش قدميءَ ڪندو جيڪو امڪاني طور تي پنھنجي پوري شدت سان 26 آگسٽ 2024 کان سنڌ کي متاثر ڪندو ھي سسٽم وچولي سنڌ کان داخل ٿيڻ جا امڪان آھن ھي سسٽم باقي سڀنيءَ سسٽمن کان تمام گھڻون طاقتور آھي سنڌ واسي ذھني طور ھر طرح جي صورتحال کي منھن ڏيڻ لاءِ تيار رھڻ ھمت ڪن پنھنجن شھرن ڳوٺن جي مالڪيءَ ڪرڻ لاءِ مناسب بندوبست جلد کان جلد ڪن تفصيلي رپورٽ جلد ڏني ويندي ايندڙ 30 ڏينھن سنڌ لاءِ انتاھي آھم آھن ڇو جو مون سون ھاڻ سنڌ ۾ زور پڪڙي رھيو آھي الرٽ رھو موسم ته نظر رکو۔۔۔ #FaRooQue  ,General,,,,,,,,,,3,,
,,,ادا خادم 25 وارو سسٽم توهان جي حساب سان اتر سنڌ لاءِ ڪيترو خطرناڪ هوندو  ,General,,,,,,,,,,3,,
,,,ڀارتي موسمياتي اداري اسڪائي ميٽ جو چوڻ آھي ايندڙ 25 آگسٽ وارو سسٽم گجرات کان عربي سمنڊ ڏانهن ويندو اڄ جي ماڊلن جي رپورٽ مطابق سسٽم وچولي سنڌ ۽ اتر سنڌ کي هٽ ڪندو  ,General,,,,,,,,,,3,,
,,,ايتري بارش پوڻ کان پوءِ ب گرمي حبس ساھ ٿو ڪڍي خبر ناھي ماحول ۾ ڇا پيو ٿئي يا خدا پنھنجو ڪرم ڪر  ,General,,,,,,,,,,3,,
,,,برسات جي موسم آ اچو تہ گڏجي مٺڙي #محمد صلی الله عليه وآله وسلم جو نالو لکون  ,General,,,,,,,,,,3,,
,,,"سنڌ جا 4 ضلعا آهن انھن ۾ برسات جو نالو ھي ناهي ۽ ھتي برسات جي ضرورت به آهي ضلعو، ٺٽو ضلعو سجاول، ضلعو بدين، ۽ ٿرپارڪر  ",General,,,,,,,,,,3,,
,,,اڄ پوري سنڌ ۾ ڪٿي ڪٿي ھلڪي برسات يا بونداباندي کان سوا ڪي خاص برسات جا امڪان ناھن وڌيڪ خدا بھتر ڄاڻي ٿو  ,General,,,,,,,,,,3,,
,,,مڇيءَ جي پیٽ ۾ حضرت یونس علیہ السلام جي مدد ڪرڻ وارا رب اسان گناھگارن جون بہ مشڪلاتون ۽ مصیبتون دور فرمائي آمين 🤲  ,General,,,,,,,,,,3,,
,,,"اڄ رات جيڪب آباد ، ڄامشورو، حيدر آباد ، ڪراچي ۾ برسات جو امڪان. محڪمه موسميات  ",General,,,,,,,,,,3,,
,,,دوستو ايترو ٻدايو ت خير پور ميرس ڪهڙي سنڌ آهي اتر يان وچولي  ,General,,,,,,,,,,3,,
,,,ھر سسٽم واري ڪيل اڳڪٿي غلط ثابت ٿيڻ تي عطائي موسميات وارا ھر بار اھو چوندا پيا اچن تہ ھي سسٽم ٿورو ڪمزور ھو ايندڙ سسٽم وھاب نيڪ پرھيز گار ۽ بھترين انسان آهي ﷲ پاڪ کيس سدائين خوش رکيس  ,General,,,,,,,,,,3,,
,,,جڏهن عرش وارو عزت عطا ڪري ته فرش وارن جون سڀئي سازشون ناڪام ٿي وينديون آھن 🙏  ,General,,,,,,,,,,3,,
,,,ڪراچي م موسم بلڪل صاف آهي  ,General,,,,,,,,,,3,,
,,,سڀاڻ کان شام کان هي سلسلو ڏکڻ سنڌ ۽ اوڀر ڪجه اتر سنڌ مان نڪري ويندو انتهائي اوله سنڌ سان جيڪي علائقا لڳن ٿا اتي برسات ٿيندي پرين تائين  ,General,,,,,,,,,,3,,
,,,مايوس نہ ٿيو هن دفعي بہ ربُّ سائين اُميدن کان وڌيڪ رزقُ عطا ڪندو اِنشااَللّه  ,General,,,,,,,,,,3,,
,,,ادا اسان جي وس ڪجهه به ناهي صرف امڪان ڏسڻ انھيء برسات کي وڌائڻ گھٽائڻ ختم ڪرڻ سڀ مالڪ جي وس ۾ آهي مالڪ سائين اسان تي پنهنجو رحم ۽ ڪرم ڪر اسان ڪمزور لاچار آھيون  ,General,,,,,,,,,,3,,
,,,برسات جي ڏيو خبر ڪٿي ڪٿي پئي وسي ڪهڙي ڪهڙي شهر ۾ 🌧️♥️  ,General,,,,,,,,,,3,,
,,,الله پاڪ ھر مسلمان کي پنھنجي پناھ ۾ رکي  ,General,,,,,,,,,,3,,
,,,الله سائين جا لک احسان اڄ نوشهروفيروز ۾ آسمان صاف ٿيڻ لڳو. ماشاالله موسم خوشگوار . #FaRooQue  ,General,,,,,,,,,,3,,
,,,دعا ڪريو مرڻ کان پوِء قبر ۾ پھريون ديدار حضرت محمدصَلَّى اللّٰهُ عَلَيْهِ وَسَلَّم جو ٿي وڃي سڀ چئو آمين  ,General,,,,,,,,,,3,,
,,,دوستو ھن وقت چنڊ کي واڙو آھي انھيء جو ڇامطلب آھي  ,General,,,,,,,,,,3,,
,,,دوست چون پيا سسٽم ڪمزور ٿي ويو آ پر مٺياڻي ۾ تيز برسات هڪ ڪلاڪ کان جاري آهي  ,General,,,,,,,,,,3,,
,,,اڄ 4 ڏينهن کان وٺي جوهي م برسات وقفي وقفي سان جاري اڄ 11 بجي کان وٺي برسات وسي هير 2 بجي کان وٺي هلي پئ  ,General,,,,,,,,,,3,,
,,,سڀ دوست ٻڌايو ڪٿا کا آهيو متان ڪٿي ملا ڪات ٿي وڃي چانه ٿي وڃي  ,General,,,,,,,,,,3,,
,,,نتاشا واحد چري ڇوڪري آ جيڪا 2 ڪمپنين جي CEO ۽ 7 ڪمپنين جي ڊائريڪٽر آھي نتاشا جو ڊرائيونگ لائسنس لنڊن جو آ واھ ميڊيڪل سرٽيفڪيٽ جاري ڪندڙ تنھنجي ايمانداري  ,General,,,,,,,,,,3,,
,,,سکر کان واپسي روھڙي ايندي موٽر سائيڪل جو تيز بريڪ لڳڻ سبب نئي عيد واري چومپل ڇڏي پئي 😔  ,General,,,,,,,,,,3,,
,,,ڪوڙ ڪير به نه ڳالهي ڪڏهن ڪولر جي ڍڪ ۾ پاڻي پيتو اٿو 🤣🤣🤣🤣🤣  ,General,,,,,,,,,,3,,
,,,آذان جا 1760 الفاظ آھن آذان خاموشي سان ٻڌڻ گھرجي آذان جي 1حرف جي بدلي 1500 نيڪيون آھن مڪمل آذان ٻڌڻ سان 24000 نيڪيون ملن ٿيون,General,,,,,,,,,,3,,
,,,نتاشا واحد چري ڇوڪري آ جيڪا 2 ڪمپنين جي CEO ۽ 7 ڪمپنين جي ڊائريڪٽر آھي نتاشا جو ڊرائيونگ لائسنس لنڊن جو آ واھ ميڊيڪل سرٽيفڪيٽ جاري ڪندڙ تنھنجي ايمانداري  ,General,,,,,,,,,,3,,
,,,سکر کان واپسي روھڙي ايندي موٽر سائيڪل جو تيز بريڪ لڳڻ سبب نئي عيد واري چومپل ڇڏي پئي 😔  ,General,,,,,,,,,,3,,
,,,"ڪوڙ ڪير به نه ڳالهي، ڪڏهن ڪولر جي ڍڪ ۾ پاڻي پيتو اٿو 🤣🤣🤣🤣🤣  ",General,,,,,,,,,,3,,
,,,"آذان جا 1760 الفاظ آھن آذان خاموشي سان ٻڌڻ گھرجي آذان جي 1حرف جي بدلي 1500 نيڪيون آھن مڪمل آذان ٻڌڻ سان 26,40,000 نيڪيون ملنديون آهن شيئرڪري توھان به نيڪيون حاصل ڪيو  ",General,,,,,,,,,,3,,
,,,دوست رهنائي ڪن قائد اعظم 2 هئا هڪ جهرڪن ۾ ڄائو ۽ ٻيو وزير منشن کارادر ڪراچي ۾ اصلي ڪھڙو آ  ,General,,,,,,,,,,3,,
,,,"ڀٽائي سرڪار جو اھو خواب نه ھو ته منھنجي نالي جي ڇٽي ڪري ستا پيا ھجو، ڀٽائي ته ڪجھ ھن ريت فرمايو آھي ستا اٿي جاڳ ننڊ نه ڪجي ايتري  ",General,,,,,,,,,,3,,
,,,ڪوڙي تي لعنت سچ ٻڌايو هن وقت توهان جي جيب م گهڻا پئيسا پيا آهن 💸🤑 #balochi 😁  ,General,,,,,,,,,,3,,
,,,اگر اوهان جي هٿن ۾ سور نه هجي ته ڪمينٽ ۾ 2 ڀيرا الله لکو 5k 1hour  ,General,,,,,,,,,,3,,
,,,زندگي ۾ ھڪڙي ڳالھ سھمجي وياسين حق جي ڳالھ ڪنداسين ت بدنام ٿينداسين جي چاپلوسي ڪنداسين ت سڀني کي وڻنداسين  ,General,,,,,,,,,,3,,
,,,اسلام عليڪم ياعلي مدد دوستون. منھنجي ڳوٺ خيرودير. جي. جامع مسجد شريف اليوسف. جي. لائوڊن کي 2 منھينہ تي ويا آھن. ت خراب تيل لائوڊ ڪنھن ن ٺھرائيہ آھن وس. وارن کي. اپيل. آ. مدد ڪن. اھلسنت خيرودير شريف  ,General,,,,,,,,,,3,,
,,,جڏهن فاطمه جناح جوان هئي تڏهن پيارجي پرڻي جو رواج ڪون هو ڇا۔  ,General,,,,,,,,,,3,,
,,,اڄ منهنجي سهڻي نبي جو نالو لکو پر ٽارگيٽ 100Kآهي 24 ڪلاڪ 🌹  ,General,,,,,,,,,,3,,
,,,سڄي سنگنت کي عرض اھي اڄ مونسا مجبوري اھي مونکي پيسا ڪپن ٿا پنجن ڏينهن جي ادھارا ڪو دوست مھرباني ڪندو  ,General,,,,,,,,,,3,,
,,,"حالات ڪھڙا بہ ھجن، مدد صرف هڪ اللّٰه کان گھرو۔ وَحۡدَہٗ لا شَرِيڪَ لَهٗ ☝️  ",General,,,,,,,,,,3,,
,,,اڄ جو سوال??😜 علام اقبال ذات جو ڪير هيو??😜  ,General,,,,,,,,,,3,,
,,,توھان جي شھر جي بھترين ۽ وڻندڙ شئي ڪھڙي آ ؟؟ (خبردار) ٻڌايو ته مان کائڻ اچان🏃😀🤣🥸🥸🤤🥱🥱🧐  ,General,,,,,,,,,,3,,
,,,"ڪنوار کي روئيندو ڏسي گهوٽ پيء کي چيو بابا مان به روئان ڇا 🥺 پي نه پٽ هي رڳو دروازي تائين روئيندي، پوءِ سڄي عمر توکي روئڻو آهي 😁.  ",General,,,,,,,,,,3,,
,,,ھن برسات ۾ وڊيو ٺاهي رومينٽڪ گانا ھڻڻ ۾ شرم ڪونه ٿي اچي توھان کي  ,General,,,,,,,,,,3,,
,,,"ڪُوفِي ڪَربَلا ۾، پاڻِي نہ پِيارِينِ؛ اُتي عَليءَ شاهَ کي، شَھزادا سارِينِ؛ نِڪِريو، نِھارِينِ؛ چَڙھُ، مِيرَ مُحمَّدَ عَرَبِي!  ",General,,,,,,,,,,3,,
,,,سچ لکندا رهو ڀلي پوسٽ کي هڪ لائيڪ به نه ملي خير آ پر سچ لکڻ سان گهٽ ۾ گهٽ روح کي ته سڪون ملندو آھي  ,General,,,,,,,,,,3,,
,,,وزير اعليٰ سنڌ مراد علي شاھ اڄ لاڙڪاڻي کان دادو تائين بندن جو دورو ڪندو ۽ فيصلو ڪندو تہ هيل ڪهڙي بند کي ڪٿان ڪٽ ڏئي ڪهڙو شھر ٻوڙائجي؟  ,General,,,,,,,,,,3,,
,,,ٿورو بيھ مان کلي وٺان نمائندن کي عوام چونڊيو ئي ڪونهي 😂 اڙي بيھ بيھ نمائندا ڇا وزيراعظم به عوام جو چونڊيل ڪونهي ھي ڪيھڙو آزاد ملڪ آ  ,General,,,,,,,,,,3,,
,,,"نتاشا جو ڊرائيونگ لائسنس لنڊن جو آ، باقي دماغي مريض آھي، في ماڻھوء جي ديئت جي رقم 68 لک 50 ھزار آ ان حساب سان پنجن ماڻھن جي رقم عدالت ۾ جمع ڪرايون ٿا ضمانت ملڻ گھرجي، وڪيل  ",General,,,,,,,,,,3,,
,,,ڀلي کي انگريزي م ڇا چوندا آھن ڪمينٽ م ٻدايو👉👇  ,General,,,,,,,,,,3,,
,,,"ٽن شين تي ڪڏهن به شرم محسوس نه ڪندا ڪيو۔! پراڻن ڪپڙن تي، غريب دوستن تي، کراڙي ابي امڙ تي / #جميل_جمالي  ",General,,,,,,,,,,3,,
,,,❤️اڄ اربع جو ڏينهن صفرالمظفر جي 15 تاريخ 1446 هجري *21 آگسٽ 2024ع* بڊرھ جي 07 تاريخ آهي❤️  ,General,,,,,,,,,,3,,
,,,صحافت جو ٻيو نانءُ ياري باشي باقي حق انصاف رب کي خبر…!!  ,General,,,,,,,,,,3,,
,,,دادو خزانا آفيس ۾ ڪميونيٽيشن ۽ فيملي پينشن ڪيسن ۾ ڪرڙون جي ڪرپشن ڪندڙ الطاف منگي جي دادلي آڊيٽر مشتاق ٻڳھيو کي ھٽايو وڃي  ,General,,,,,,,,,,3,,
,,,الطاف منگي جو آڊيٽرن سان مال تان جيھڙو جيڪو مال ڏيندو سيٽ تي ھوندو اسرار پنھور کان به سيٽ کسي ورتي مشتاق ٻگھيو حوالي واھ منگي صاحب وا  ,General,,,,,,,,,,3,,
,,,سستا پيقج ۽ بيضيرت انسان ٿورو ٽائيم ھلندا آهن #hilights  ,General,,,,,,,,,,3,,
,,,رات وڏا مڇر🐝 ماريا پوء ب کٽن ئي ن پيا هر هيڏئون چمبا هر هوڏئون چمبا پر 😜 مڙئن ئي ن پيا😳😜  ,General,,,,,,,,,,3,,
,,,اسان جي ننڍپڻ ۾ نه 3G هئي نه ئي 4G بس امان G ۽ بابا G ماما G ۽ استاد G هيو هڪ ئي ٿڦڙ لڳڻ سان سنگل ڦل ٿي ويندا هئا  ,General,,,,,,,,,,3,,
,,,ڪانو ايوارڊ ڇو کٽيو؟ ڇاڪاڻ ته هو پنهنجي فيلڊ ۾ شاندار هو!,General,,,,,,,,,,3,,
